"id","name","category","price","duration","description","time","image","about","benefits","bullets","process","processSteps","isMaster","masterPoojaId","templeId","templeDetails","packages","faqs","reviews","createdAt","updatedAt","status"
"cmn757vzt000zl0ltsv7b9jk1","Akhand Jyoti Deepam","","430","","[]","","/uploads/poojas/image-1774509633199-329540567.jpg","pooja","[]","[]",,"[]","false","cmn757yvw0011l0ltdf19wmgt","cmn73wa5u000il0jqzfffd9nw",,"[{""name"":""Single"",""price"":430,""maxPersons"":1,""description"":""For 1 person""},{""name"":""Couple"",""price"":500,""maxPersons"":2,""description"":""For 2 people""}]","[]",,"2026-03-26 07:20:33.209","2026-04-02 12:17:36.427","true"
"cmn757yvw0011l0ltdf19wmgt","Akhand Jyoti Deepam","Special Pooja","430","","[]","","/uploads/poojas/image-1775203485954-530898510.jpg","Akhand Jyoti Deepam is a sacred ritual in which a lamp (deepam) is lit continuously without interruption as a symbol of divine presence, purity, and eternal light. Devotees keep the flame burning with devotion and faith, offering prayers for blessings, protection, and spiritual growth. It represents the removal of darkness and the arrival of positivity in life.","[""Brings peace & positivity – Creates a calm, spiritual atmosphere at home or temple."",""Divine blessings – Symbolizes the presence of God and invites blessings of prosperity."",""Spiritual growth – Encourages devotion, discipline, and inner strength."",""Removes negativity – Continuous flame is believed to purify surroundings and remove negative energies.""]","[]",,"[]","true",,,,"[{""name"":""Single"",""price"":430,""description"":""For 1 person""},{""name"":""Couple"",""price"":0,""description"":""For 2 people""}]","[]",,"2026-03-26 07:20:36.956","2026-04-08 05:01:51.694","true"
"cmn75k57s0015l0lt6zcrwv68","Mangala Aarti","Daily Ritual","25","","[]","","/uploads/poojas/image-1775283164436-13885655.jpg","Mangala Aarti is a sacred ritual performed in the early morning to welcome divine energy and begin the day with positivity and devotion. It involves offering light (aarti) along with prayers and devotional songs, creating a peaceful and spiritually uplifting atmosphere. This ritual symbolizes the removal of darkness and the awakening of divine blessings.","[""Improves focus and mental clarity throughout the day ."",""Creates a sense of devotion and spiritual awakening ."",""Brings emotional balance and reduces stress."",""Encourages a routine of prayer and inner stability.""]","[]",,"[]","true",,,,"[{""name"":""Single"",""price"":25,""description"":""For 1 person""},{""name"":""Couple"",""price"":100,""description"":""For 2 people""},{""name"":""Family"",""price"":600,""description"":""Upto 5 people""}]","[]",,"2026-03-26 07:30:05.033","2026-04-10 09:46:39.141","true"
"cmn75sr470018l0lt95pxrdvj","iccha purti pooja","iccha purti pooja","550","","[]","","/uploads/poojas/image-1774510606656-689605304.jpg","","[]","[]",,"[]","false","cmn75su7k001al0lte96fb8od","cmn73wa5u000il0jqzfffd9nw",,"[{""name"":""Single"",""price"":550,""maxPersons"":1,""description"":""For 1 person""}]","[]",,"2026-03-26 07:36:46.663","2026-04-02 12:17:36.425","true"
"cmn75su7k001al0lte96fb8od","Iccha purti pooja","iccha purti pooja","550","","[]","","/uploads/poojas/image-1775203272178-547262751.jpg","Iccha Purti Pooja (Wish Fulfillment Ritual) is a general Hindu pooja performed to seek blessings from God for the fulfillment of personal desires and wishes. In this pooja, devotees pray with devotion and faith, offering flowers, fruits, and prayers to their chosen deity. It is believed that performing this pooja with a pure heart helps remove obstacles, brings positivity, and increases the chances of achieving one’s goals and desires.","[""Helps in fulfillment of personal wishes and desires ."",""Brings peace, positivity, and mental satisfaction ."",""Strengthens faith and spiritual connection ."",""Attracts prosperity, success, and good fortune."",""Provides inner strength to achieve goals.""]","[]",,"[]","true",,,,"[{""name"":""Single"",""price"":550,""maxPersons"":1,""description"":""For 1 person""}]","[]",,"2026-03-26 07:36:50.672","2026-04-04 05:35:10.615","true"
"cmn8ocqj20007l0q9saew42k6","Ashtottar Kumkum Archana","","500","","[]","","/uploads/poojas/image-1774602238280-488016933.jpg","","[]","[]",,"[]","false","cmnn6kllv00bxl0g7dk8c3c1v","cmn8gw8m00001l0rlou9ew4x5",,"[{""name"":""Single"",""price"":500,""maxPersons"":1,""description"":""For 1 person""}]","[]",,"2026-03-27 09:03:58.286","2026-04-09 07:57:31.252","true"
"cmn8owzto000bl0q9nbyqxlgg","Brahmin Bhojan","Special Pooja","1500","","[]","","/uploads/poojas/image-1774603204209-878813023.jpg","","[]","[]",,"[]","false",,"cmn8gw8m00001l0rlou9ew4x5",,"[{""name"":""Single"",""price"":1500,""maxPersons"":1,""description"":""For 1 person""}]","[]",,"2026-03-27 09:19:43.452","2026-04-09 07:57:31.25","true"
"cmn8oy5ad000dl0q9wnc1oosb","Sahasra Kumkum Archana","Special Pooja","800","","[]","","/uploads/poojas/image-1774606257006-669690621.jpg","","[]","[]",,"[]","false",,"cmn8gw8m00001l0rlou9ew4x5",,"[{""name"":""Single"",""price"":800,""maxPersons"":1,""description"":""For 1 person""}]","[]",,"2026-03-27 09:20:37.189","2026-04-09 07:57:31.251","true"
"cmn8qfbbl000fl0q9gbn1760i","Satyanarayan Pooja","Special Pooja","800","","[]","","/uploads/poojas/image-1775129550514-914310771.jpg","Satyanarayan Pooja is a sacred Hindu ritual performed to honor Lord Vishnu, the preserver of the universe. It is believed that performing this pooja with devotion brings prosperity, happiness, and fulfillment of wishes. This ritual is usually done on full moon days, special occasions, or family celebrations to invoke divine blessings for health, wealth, and harmony in life. The pooja involves chanting sacred mantras, offering fruits, flowers, and the Satyanarayan Vrat Katha, followed by prasad distribution.","[""Brings peace and harmony in family life."",""Attracts prosperity and financial stability."",""Removes obstacles and negative energies."",""Strengthens faith and spiritual growth."",""Fulfills wishes and desires of devotees.""]","[]",,"[]","false","cmn8xxlgd0020l0q90qk1ksm3","cmn8gw8m00001l0rlou9ew4x5",,"[{""name"":""Single"",""price"":800,""maxPersons"":1,""description"":""For 1 person""}]","[]",,"2026-03-27 10:01:57.778","2026-04-09 07:57:31.279","true"
"cmn8xxlgd0020l0q90qk1ksm3","Satyanarayan Pooja","Special Pooja","800","","[]","","/uploads/poojas/image-1775202933406-466220343.jpg","Satyanarayan Pooja is a sacred Hindu ritual performed to seek blessings for prosperity, harmony, and success in life. The pooja involves offering prayers, fruits, sweets, and listening to the holy katha with devotion and faith. It is commonly performed on special occasions like housewarming, marriage, or after achieving important milestones, bringing peace and positivity to the surroundings.","[""Brings prosperity, success, and good fortune."",""Promotes peace, happiness, and family harmony."",""Strengthens faith and spiritual connection."",""Fulfills wishes and desires with sincere devotion.""]","[]",,"[]","true",,,,"[{""name"":""Single"",""price"":800,""maxPersons"":1,""description"":""For 1 person""}]","[]",,"2026-03-27 13:32:08.029","2026-04-08 05:01:51.694","true"
"cmnh991fd007fl0jy9k8gpo7u","Abhishek Pooja","Ritualistic","251","","[]","","/uploads/poojas/image-1775121342192-585859514.jpg","Abhishek Pooja is a sacred Hindu ritual where devotees perform a ceremonial bathing of the deity with holy substances like water, milk, honey, ghee, yogurt, and sacred oils. This ritual symbolizes purification, devotion, and the removal of negativity. Performing Abhishek Pooja is believed to bring spiritual blessings, peace, prosperity, and good fortune to the devotees and their families. It is usually accompanied by chanting of mantras, offering flowers, fruits, and incense, creating a divine and serene atmosphere.","[""Spiritual Purification – Cleanses the mind and soul, creating inner peace and positivity."",""Divine Blessings – Attracts the blessings of the deity for health, wealth, and prosperity."",""Peace & Harmony – Promotes harmony in family and relationships."",""Fulfillment of Desires – Increases chances of achieving personal and spiritual goals."",""Removes Negativity – Helps eliminate negative energies from life and surroundings."",""Cleansing Ritual – Symbolizes purification of thoughts, actions, and intentions.""]","[]",,"[]","false",,"cmn73wa5i0006l0jq3tbfyl71",,"[{""name"":""Single"",""price"":251,""description"":""For 1 person""}]","[]",,"2026-04-02 09:11:07.13","2026-04-09 13:33:12.256","true"
"cmnh9vkx9007ll0jy4vgzm5tc","Abhishek ","Ritualistic","251","","[]","","/uploads/poojas/image-1775122839482-345104012.jpg","Abhishek Pooja is a sacred Hindu ritual where devotees perform a ceremonial bathing of the deity with holy substances like water, milk, honey, ghee, yogurt, and sacred oils. This ritual symbolizes purification, devotion, and the removal of negativity. Performing Abhishek Pooja is believed to bring spiritual blessings, peace, prosperity, and good fortune to the devotees and their families. It is usually accompanied by chanting of mantras, offering flowers, fruits, and incense, creating a divine and serene atmosphere.","[""Spiritual Purification – Cleanses the mind and soul, creating inner peace and positivity."",""Divine Blessings – Attracts the blessings of the deity for health, wealth, and prosperity."",""Divine Blessings – Attracts the blessings of the deity for health, wealth, and prosperity."",""Cleansing Ritual – Symbolizes purification of thoughts, actions, and intentions.""]","[""Blessings"",""Devotion"",""Purification"",""Prosperity""]",,"[]","false",,"cmn73wa5l0009l0jqb84rad6y",,"[{""name"":""Single"",""price"":251,""description"":""For 1 person""}]","[]",,"2026-04-02 09:28:38.829","2026-04-09 04:45:48.09","false"
"cmnhb95yg007nl0jy1aljcbcm","Abhishek ","Ritualistic","251","","[]","","/uploads/poojas/image-1775124432221-880087061.jpg","The Abhishek Pooja at Ganpatipule Temple is a sacred ritual where devotees pour water, milk, or sacred liquids over the idol of Lord Ganesha. This act symbolizes purification, devotion, and surrender to the divine. The pooja is performed with chants and offerings, creating a spiritually uplifting experience for devotees seeking blessings, wisdom, and prosperity.","[""Enhances spiritual growth and devotion"",""Strengthens mental clarity and focus"",""Removes obstacles and difficulties"",""Enhances spiritual growth and devotion""]","[]",,"[]","false","cmnpr092400kll0g7bf7hxcgv","cmn73wa5o000cl0jqds1a1dyu",,"[{""name"":""Single"",""price"":251,""maxPersons"":1,""description"":""For 1 person""}]","[]",,"2026-04-02 10:07:12.232","2026-04-08 07:50:19.616","true"
"cmnhbi36r007pl0jy12dwsm9s","Abhishek ","Ritualistic","251","","[]","","/uploads/poojas/image-1775124848537-92301985.jpg","The Abhishek pooja at Ballaleshwar Mandir, Pali, is a sacred ritual where devotees perform a ceremonial bath for the idol of Lord Shri Ballaleshwar (Lord Ganesha) using holy water, milk, honey, and other sacred substances. It is believed that performing this Abhishek with devotion cleanses the mind and soul, bringing peace, prosperity, and divine blessings into one's life.","[]","[]",,"[]","false",,"cmn73wa5r000fl0jq81fxfkif",,"[{""name"":""Single"",""price"":251,""maxPersons"":1,""description"":""For 1 person""}]","[]",,"2026-04-02 10:14:08.547","2026-04-13 05:56:40.214","true"
"cmnhbpk7y007rl0jykhdlkhdg","Abhishek ","Ritualistic","251","","[]","","/uploads/poojas/image-1775125197198-667009873.jpg","Abhishek is a sacred Hindu ritual where devotees bathe the idol of Lord Ganesha with holy substances like water, milk, curd, honey, ghee, sugar, and sometimes coconut water. At Shree Udyan Ganesh Mandir, this ritual is performed with devotion while chanting mantras such as the Ganesh Atharvashirsha.","[""Brings peace and harmony in life"",""Removes obstacles and difficulties"",""Enhances spiritual growth and devotion"",""Attracts prosperity and good fortune""]","[]",,"[]","false","cmnhhotr5008il0jypb339ujb","cmn73wa5d0003l0jqyvnqg8eh",,"[{""name"":""Single"",""price"":251,""maxPersons"":1,""description"":""For 1 person""}]","[]",,"2026-04-02 10:19:57.214","2026-04-02 13:07:20.612","true"
"cmnhdmesy007zl0jy5c72ghm2","Satyanarayan Pooja","Special Pooja","800","","[]","","/uploads/poojas/image-1774606233460-325759865.jpg","","[]","[]",,"[]","false","cmn8xxlgd0020l0q90qk1ksm3","cmn73wa5u000il0jqzfffd9nw",,"[{""name"":""Single"",""price"":800,""maxPersons"":1,""description"":""For 1 person""}]","[]",,"2026-04-02 11:13:29.458","2026-04-02 12:17:36.429","true"
"cmnhfkape0087l0jy2rgy5iww","Satyanarayan Pooja","Special Pooja","800","","[]","","/uploads/poojas/image-1774606233460-325759865.jpg","","[]","[]",,"[]","false","cmn8xxlgd0020l0q90qk1ksm3","cmnhd5ar8007xl0jynoli1b47",,"[{""name"":""Single"",""price"":800,""maxPersons"":1,""description"":""For 1 person""}]","[]",,"2026-04-02 12:07:50.066","2026-04-02 12:16:07.862","true"
"cmnhhotr5008il0jypb339ujb","Abhishek ","Ritualistic","251","","[]","","/uploads/poojas/image-1775282503931-824423874.jpg","Abhishek Pooja is a sacred ritual in which holy substances like water, milk, honey, and other offerings are poured over the deity while chanting mantras. This ritual is performed with deep devotion to seek divine blessings, purify the surroundings, and express gratitude. It creates a spiritually uplifting atmosphere and is considered highly auspicious.","[""Brings peace and harmony in life"",""Removes obstacles and difficulties"",""Enhances spiritual growth and devotion"",""Attracts prosperity and good fortune""]","[]",,"[]","true",,"cmnpp2v7j00irl0g724fkndrd",,"[{""name"":""Single"",""price"":251,""maxPersons"":1,""description"":""For 1 person""}]","[]",,"2026-04-02 13:07:20.61","2026-04-08 06:56:22.405","true"
"cmnikjhyt001sl0g7evt0rmps","Abhishek ","Ritualistic","251","","[]","","/uploads/poojas/image-1775125197198-667009873.jpg","Abhishek is a sacred Hindu ritual where devotees bathe the idol of Lord Ganesha with holy substances like water, milk, curd, honey, ghee, sugar, and sometimes coconut water. At Shree Udyan Ganesh Mandir, this ritual is performed with devotion while chanting mantras such as the Ganesh Atharvashirsha.","[""Brings peace and harmony in life"",""Removes obstacles and difficulties"",""Enhances spiritual growth and devotion"",""Attracts prosperity and good fortune""]","[]",,"[]","false","cmnhhotr5008il0jypb339ujb","cmn8gw8m00001l0rlou9ew4x5",,"[{""name"":""Single"",""price"":251,""maxPersons"":1,""description"":""For 1 person""}]","[]",,"2026-04-03 07:14:57.077","2026-04-09 07:57:31.249","true"
"cmnikk3j9001zl0g7bwz6l3z2","Abhishek ","Ritualistic","251","","[]","","/uploads/poojas/image-1775125197198-667009873.jpg","Abhishek is a sacred Hindu ritual where devotees bathe the idol of Lord Ganesha with holy substances like water, milk, curd, honey, ghee, sugar, and sometimes coconut water. At Shree Udyan Ganesh Mandir, this ritual is performed with devotion while chanting mantras such as the Ganesh Atharvashirsha.","[""Brings peace and harmony in life"",""Removes obstacles and difficulties"",""Enhances spiritual growth and devotion"",""Attracts prosperity and good fortune""]","[]",,"[]","false","cmnhhotr5008il0jypb339ujb","cmn73wa5l0009l0jqb84rad6y",,"[{""name"":""Single"",""price"":251,""maxPersons"":1,""description"":""For 1 person""}]","[]",,"2026-04-03 07:15:25.029","2026-04-03 12:28:18.482","true"
"cmnikk3jm0021l0g7kf8glydb","Satyanarayan Pooja","Special Pooja","800","","[]","","/uploads/poojas/image-1774606233460-325759865.jpg","","[]","[]",,"[]","false","cmn8xxlgd0020l0q90qk1ksm3","cmn73wa5l0009l0jqb84rad6y",,"[{""name"":""Single"",""price"":800,""maxPersons"":1,""description"":""For 1 person""}]","[]",,"2026-04-03 07:15:25.042","2026-04-03 12:28:18.484","true"
"cmnikkvis0027l0g7cql5gvtx","Abhishek ","Ritualistic","251","","[]","","/uploads/poojas/image-1775125197198-667009873.jpg","Abhishek is a sacred Hindu ritual where devotees bathe the idol of Lord Ganesha with holy substances like water, milk, curd, honey, ghee, sugar, and sometimes coconut water. At Shree Udyan Ganesh Mandir, this ritual is performed with devotion while chanting mantras such as the Ganesh Atharvashirsha.","[""Brings peace and harmony in life"",""Removes obstacles and difficulties"",""Enhances spiritual growth and devotion"",""Attracts prosperity and good fortune""]","[]",,"[]","false","cmnhhotr5008il0jypb339ujb","cmnihvrmq0016l0g70ky43oeh",,"[{""name"":""Single"",""price"":251,""maxPersons"":1,""description"":""For 1 person""}]","[]",,"2026-04-03 07:16:01.3","2026-04-03 07:16:01.3","true"
"cmnikkvj00029l0g73d82ufei","Satyanarayan Pooja","Special Pooja","800","","[]","","/uploads/poojas/image-1774606233460-325759865.jpg","","[]","[]",,"[]","false","cmn8xxlgd0020l0q90qk1ksm3","cmnihvrmq0016l0g70ky43oeh",,"[{""name"":""Single"",""price"":800,""maxPersons"":1,""description"":""For 1 person""}]","[]",,"2026-04-03 07:16:01.305","2026-04-03 07:16:01.305","true"
"cmnitmcud003ll0g7mdfk9nax","Abhishek ","Ritualistic","251","","[]","","/uploads/poojas/image-1775125197198-667009873.jpg","Abhishek is a sacred Hindu ritual where devotees bathe the idol of Lord Ganesha with holy substances like water, milk, curd, honey, ghee, sugar, and sometimes coconut water. At Shree Udyan Ganesh Mandir, this ritual is performed with devotion while chanting mantras such as the Ganesh Atharvashirsha.","[""Brings peace and harmony in life"",""Removes obstacles and difficulties"",""Enhances spiritual growth and devotion"",""Attracts prosperity and good fortune""]","[]",,"[]","false","cmnhhotr5008il0jypb339ujb","cmnir2mtd002nl0g7oxkgz3ks",,"[{""name"":""Single"",""price"":251,""maxPersons"":1,""description"":""For 1 person""}]","[]",,"2026-04-03 11:29:06.949","2026-04-06 05:02:22.474","true"
"cmnn6kllv00bxl0g7dk8c3c1v","Ashtottar Kumkum Archana","","500","","[]","","/uploads/poojas/image-1774602238280-488016933.jpg","","[]","[]",,"[]","true",,,,"[{""name"":""Single"",""price"":500,""maxPersons"":1,""description"":""For 1 person""}]","[]",,"2026-04-06 12:42:44.707","2026-04-06 13:26:41.755","true"
"cmnpr092400kll0g7bf7hxcgv","Abhishek ","Ritualistic","251","","[]","","/uploads/poojas/image-1775124432221-880087061.jpg","The Abhishek Pooja at Ganpatipule Temple is a sacred ritual where devotees pour water, milk, or sacred liquids over the idol of Lord Ganesha. This act symbolizes purification, devotion, and surrender to the divine. The pooja is performed with chants and offerings, creating a spiritually uplifting experience for devotees seeking blessings, wisdom, and prosperity.","[""Enhances spiritual growth and devotion"",""Strengthens mental clarity and focus""]","[""Highlight"",""Highlight 2""]",,"[]","true",,,,"[{""name"":""Single"",""price"":251,""maxPersons"":1,""description"":""For 1 person""}]","[]",,"2026-04-08 07:50:19.612","2026-04-10 08:45:12.69","true"
"cmnpwspm900lgl0g73n87y911","Abhishek ","Ritualistic","251","","[]","","/uploads/poojas/image-1775124432221-880087061.jpg","The Abhishek Pooja at Ganpatipule Temple is a sacred ritual where devotees pour water, milk, or sacred liquids over the idol of Lord Ganesha. This act symbolizes purification, devotion, and surrender to the divine. The pooja is performed with chants and offerings, creating a spiritually uplifting experience for devotees seeking blessings, wisdom, and prosperity.","[""Enhances spiritual growth and devotion"",""Strengthens mental clarity and focus"",""Removes obstacles and difficulties"",""Enhances spiritual growth and devotion""]","[]",,"[]","false","cmnpr092400kll0g7bf7hxcgv","cmnpwrin300lel0g7g517a5ks",,"[{""name"":""Single"",""price"":251,""maxPersons"":1,""description"":""For 1 person""}]","[]",,"2026-04-08 10:32:25.521","2026-04-16 12:04:15.556","true"
"cmnq2qxps00lsl0g7tuigafjm","Prasad Offering","General","201","","[]","","/uploads/poojas/image-1775654886706-260789733.jpg","A standard service for devotees to offer a set amount of traditional food items or sweets as a sacred offering during a specific ritual time. This is a common way to seek blessings and show devotion.","[]","[]",,"[]","true",,"cmnwu42tr00dol0jza0evcahf",,"[{""name"":""Single"",""price"":201,""description"":""For 1 person""},{""name"":""Couple"",""price"":201,""description"":""For 2 people""}]","[]",,"2026-04-08 13:19:00.399","2026-04-13 06:51:40.248","true"
"cmnr27aes00nyl0g7l9z0e1om","Abhishek Pooja","Prosperity","201","","[]","","/uploads/poojas/image-1775713889899-624035657.jpg","A sacred ritual of bathing a consecrated idol or symbol with holy substances such as water, milk, honey, and yogurt while chanting relevant hymns. This is performed for purification and to invoke divine energy.","[]","[]",,"[]","true",,"cmnwu42tr00dol0jza0evcahf",,"[{""name"":""Single"",""price"":201,""description"":""For 1 person""},{""name"":""Couple"",""price"":201,""description"":""For 2 people""}]","[]",,"2026-04-09 05:51:29.908","2026-04-13 06:51:40.248","true"
"cmnr2ho9i00o0l0g7bmpcxt6r","Ekadashi Pooja","","501","","[]","","/uploads/poojas/image-1775714374410-589355111.jpg","","[]","[]",,"[]","true",,"cmnwu42tr00dol0jza0evcahf",,"[{""name"":""Single"",""price"":501,""maxPersons"":1,""description"":""For 1 person""},{""name"":""Couple"",""price"":501,""maxPersons"":2,""description"":""For 2 people""}]","[]",,"2026-04-09 05:59:34.421","2026-04-13 06:51:40.248","true"
"cmnr2mqu100o2l0g7o22nhnfw","Ashtottar Kumkum Archana","","500","","[]","","/uploads/poojas/image-1775714611025-577404333.jpg","A ritual where kumkum (vermilion) is offered with the simultaneous chanting of 108 names. This is typically performed to invoke blessings for prosperity and overall well-being.","[]","[]",,"[]","true",,"cmnwu42tr00dol0jza0evcahf",,"[{""name"":""Single"",""price"":500,""maxPersons"":1,""description"":""For 1 person""},{""name"":""Couple"",""price"":500,""maxPersons"":2,""description"":""For 2 people""}]","[]",,"2026-04-09 06:03:31.033","2026-04-13 06:51:40.248","true"
"cmnr2t5oh00o4l0g79ssxrpnl","Shiv Kavach Recitation","Protection","500","","[]","","/uploads/poojas/image-1775714910200-266008288.jpg","A ritual involving the chanting of the Kavach (a protective shield of mantras) related to a specific aspect of the divine. The practice is aimed at seeking energetic protection and safeguarding one's well-being.","[]","[]",,"[]","true",,"cmnwu42tr00dol0jza0evcahf",,"[{""name"":""Single"",""price"":500,""maxPersons"":1,""description"":""For 1 person""},{""name"":""Couple"",""price"":500,""maxPersons"":2,""description"":""For 2 people""}]","[]",,"2026-04-09 06:08:30.208","2026-04-13 06:51:40.248","true"
"cmnr2zt7900o7l0g73cys2njl","Brahmin Bhojan","","1500","","[]","","/uploads/poojas/image-1775715220620-591397673.jpg","A virtuous act of offering a complete meal with all due respect and traditional items to learned priests. This is a form of spiritual service, performed for charity and to earn blessings.","[]","[]",,"[]","true",,"cmnwu42tr00dol0jza0evcahf",,"[{""name"":""Single"",""price"":1500,""maxPersons"":1,""description"":""For 1 person""},{""name"":""Couple"",""price"":1500,""maxPersons"":2,""description"":""For 2 people""}]","[]",,"2026-04-09 06:13:40.629","2026-04-13 06:51:40.248","true"
"cmnr3387m00o9l0g72jy092s0","Sahasra Kumkum Archana","","800","","[]","","/uploads/poojas/image-1775715380041-512324847.jpg","An extended kumkum archana performed with the powerful chanting of 1000 distinct names of the divine. This intensive offering is made for significant prosperity and overall auspiciousness.","[]","[]",,"[]","true",,"cmnwu42tr00dol0jza0evcahf",,"[{""name"":""Single"",""price"":800,""maxPersons"":1,""description"":""For 1 person""},{""name"":""Couple"",""price"":800,""maxPersons"":2,""description"":""For 2 people""}]","[]",,"2026-04-09 06:16:20.05","2026-04-13 06:51:40.248","true"
"cmnr3a32200obl0g72k8999hi","Satyanarayan Pooja","","1000","","[]","","/uploads/poojas/image-1775715699954-442819881.jpg","A traditional ritual, often performed as a fund contribution, for the general blessing and peace of a family. It involves the reading of sacred stories that emphasize the value of truth and devotion.","[]","[]",,"[]","true",,"cmnwu42tr00dol0jza0evcahf",,"[{""name"":""Single"",""price"":1000,""maxPersons"":1,""description"":""For 1 person""},{""name"":""Couple"",""price"":1000,""maxPersons"":2,""description"":""For 2 people""}]","[]",,"2026-04-09 06:21:39.962","2026-04-13 06:51:40.248","true"
"cmnr3czv000odl0g71hewx2nf","Mrityunjay Jap (1100 + Havan)","","1000","","[]","","/uploads/poojas/image-1775715835782-623439482.jpg","A short-form intensive chanting of the profound Mrityunjay mantra for an individual's health, vitality, and well-being. This powerful chanting is followed by a small, sacred fire ritual (havan).","[]","[]",,"[]","true",,"cmnwu42tr00dol0jza0evcahf",,"[{""name"":""Single"",""price"":1000,""maxPersons"":1,""description"":""For 1 person""},{""name"":""Couple"",""price"":1000,""maxPersons"":2,""description"":""For 2 people""}]","[]",,"2026-04-09 06:23:55.788","2026-04-13 06:51:40.248","true"
"cmnr3fx530001l0jz1lnhmxdr","Mrityunjay Jap (1100 with Priest)","","1000","","[]","","/uploads/poojas/image-1775715972222-912129373.jpg","Chanting of the sacred Mrityunjay mantra performed exclusively by a qualified priest on behalf of the devotee. This service is dedicated to praying for good health and longevity.","[]","[]",,"[]","true",,"cmnwu42tr00dol0jza0evcahf",,"[{""name"":""Single"",""price"":1000,""maxPersons"":1,""description"":""For 1 person""},{""name"":""Couple"",""price"":1000,""maxPersons"":2,""description"":""For 2 people""}]","[]",,"2026-04-09 06:26:12.231","2026-04-13 06:51:40.248","true"
"cmnr3i67d0003l0jzn03auzfa","Navchandi (Havan)","","1000","","[]","","/uploads/poojas/image-1775716077282-268089118.jpg","A potent and protective fire ritual designed to seek divine intervention for overcoming significant obstacles or misfortunes (doshas). It involves specific invocations for comprehensive well-being.","[]","[]",,"[]","true",,"cmnwu42tr00dol0jza0evcahf",,"[{""name"":""Single"",""price"":1000,""maxPersons"":1,""description"":""For 1 person""},{""name"":""Couple"",""price"":1000,""maxPersons"":2,""description"":""For 2 people""}]","[]",,"2026-04-09 06:27:57.289","2026-04-13 06:51:40.248","true"
"cmnr3nt1a0005l0jz5wtjfiqq","Samuhik Poojan","","1000","","[]","","/uploads/poojas/image-1775716340147-549976722.jpg","A group prayer ceremony where multiple families or individuals gather to perform common rituals together. It is an act of communal worship, seeking combined blessings for the well-being of all participants.","[]","[]",,"[]","true",,"cmnwu42tr00dol0jza0evcahf",,"[{""name"":""Single"",""price"":1000,""maxPersons"":1,""description"":""For 1 person""},{""name"":""Couple"",""price"":1001,""maxPersons"":2,""description"":""For 2 people""}]","[]",,"2026-04-09 06:32:20.158","2026-04-13 06:51:40.248","true"
"cmnr3p8840007l0jzkzlmahfo","Naivedya Offering","","500","","[]","","/uploads/poojas/image-1775716406495-477960908.jpg","A traditional and beautifully presented food offering made to the divine. Devotees can sponsor this consecrated meal which is then ritually offered at the altar.","[]","[]",,"[]","true",,"cmnwu42tr00dol0jza0evcahf",,"[{""name"":""Single"",""price"":500,""maxPersons"":1,""description"":""For 1 person""},{""name"":""Couple"",""price"":500,""maxPersons"":2,""description"":""For 2 people""}]","[]",,"2026-04-09 06:33:26.5","2026-04-13 06:51:40.248","true"
"cmnr3rros0009l0jzw6hrfnjr","Graha Shanti","","1500","","[]","","/uploads/poojas/image-1775716525030-550520477.jpg","A vital ritual performed to mitigate the negative influences of planetary alignments (grahas) and bring peace and harmony. This comprehensive ceremony seeks energetic balance in one's life.","[]","[]",,"[]","true",,"cmnwu42tr00dol0jza0evcahf",,"[{""name"":""Single"",""price"":1500,""maxPersons"":1,""description"":""For 1 person""},{""name"":""Couple"",""price"":1500,""maxPersons"":2,""description"":""For 2 people""}]","[]",,"2026-04-09 06:35:25.036","2026-04-13 06:51:40.248","true"
"cmnr3vjr4000bl0jzphiudpv2","Mrityunjay Jap (11000 + Havan)","","2000","","[]","","/uploads/poojas/image-1775716701371-456857384.jpg","An extended and highly potent repetition of the sacred Mrityunjay mantra, chanted 11000 times by priests. This significant spiritual endeavor, followed by a fire ritual, is for profound healing and protection.","[]","[]",,"[]","true",,"cmnwu42tr00dol0jza0evcahf",,"[{""name"":""Single"",""price"":2000,""maxPersons"":1,""description"":""For 1 person""},{""name"":""Couple"",""price"":2000,""maxPersons"":2,""description"":""For 2 people""}]","[{""a"":"""",""q"":""""}]",,"2026-04-09 06:38:21.376","2026-04-13 06:51:40.248","true"
"cmnr3yaqh000dl0jz5kdx775n","Saptashati Path","","2500","","[]","","/uploads/poojas/image-1775716829652-18718360.jpg","The recitation of the complete Saptashati scripture, known for its powerful spiritual vibrations. This sacred chanting is performed to invoke divine protection and overcome adversities.","[]","[]",,"[]","true",,"cmnwu42tr00dol0jza0evcahf",,"[{""name"":""Single"",""price"":2500,""maxPersons"":1,""description"":""For 1 person""},{""name"":""Couple"",""price"":2500,""maxPersons"":2,""description"":""For 2 people""}]","[]",,"2026-04-09 06:40:29.656","2026-04-13 06:51:40.248","true"
"cmnr40dwu000fl0jzxm63i0nu","Saptashati Full Path ","Ritualistic","3000","","[]","","/uploads/poojas/image-1775716927084-30207570.jpg","The most complete and exhaustive form of the Saptashati scripture recitation. This meticulous chanting is a deep spiritual practice aimed at seeking highest divine protection.","[]","[]",,"[]","true",,"cmnwu42tr00dol0jza0evcahf",,"[{""name"":""Single"",""price"":3000,""maxPersons"":1,""description"":""For 1 person""},{""name"":""Couple"",""price"":3000,""maxPersons"":2,""description"":""For 2 people""}]","[]",,"2026-04-09 06:42:07.087","2026-04-13 06:51:40.248","true"
"cmnr4cc9r000hl0jzafwjfow1","Mrityunjay Jap (11000 with Priest)","","6000","","[]","","/uploads/poojas/image-1775717484826-286743795.jpg","The sacred Mrityunjay mantra chanted 11000 times by an experienced priest on behalf of the devotee. This is a comprehensive spiritual service dedicated to intense prayers for good health and longevity.","[]","[]",,"[]","true",,"cmnwu42tr00dol0jza0evcahf",,"[{""name"":""Single"",""price"":6000,""maxPersons"":1,""description"":""For 1 person""},{""name"":""Couple"",""price"":6000,""maxPersons"":2,""description"":""For 2 people""}]","[]",,"2026-04-09 06:51:24.831","2026-04-13 06:51:40.248","true"
"cmnr4fqo5000jl0jznnkvopdu","Maharudra Anushthan","","2000","","[]","","/uploads/poojas/image-1775717643450-407930988.jpg","An advanced and potent ritual of worship involving the powerful recitation of the standard eleven forms of a potent chant (Rudra). This deep spiritual practice is performed for comprehensive blessings and protection.","[]","[]",,"[]","true",,"cmnwu42tr00dol0jza0evcahf",,"[{""name"":""Single"",""price"":2000,""maxPersons"":1,""description"":""For 1 person""},{""name"":""Couple"",""price"":2000,""maxPersons"":2,""description"":""For 2 people""}]","[]",,"2026-04-09 06:54:03.461","2026-04-13 06:51:40.248","true"
"cmnr4js2z000ll0jz41yqkvtk","Laghu Rudra","","6000","","[]","","/uploads/poojas/image-1775717831910-92755343.jpg","A focused and effective ritual involving the traditional repetition of the potent Rudra chant. This is an authentic and essential form of worship for spiritual growth and inner peace.","[]","[]",,"[]","true",,"cmnwu42tr00dol0jza0evcahf",,"[{""name"":""Single"",""price"":6000,""maxPersons"":1,""description"":""For 1 person""},{""name"":""Couple"",""price"":5999,""maxPersons"":2,""description"":""For 2 people""}]","[]",,"2026-04-09 06:57:11.915","2026-04-13 06:51:40.248","true"
"cmnr4npqg000nl0jz33byqu1w","Vishnu Sahasranama","","6000","","[]","","/uploads/poojas/image-1775718015487-622274742.jpg","The ritualistic chanting of the complete 1000 names of a supreme divine form. This practice is undertaken to seek abundant prosperity, sound health, and overall well-being.","[]","[]",,"[]","true",,"cmnwu42tr00dol0jza0evcahf",,"[{""name"":""Single"",""price"":6000,""maxPersons"":1,""description"":""For 1 person""},{""name"":""Couple"",""price"":6000,""maxPersons"":2,""description"":""For 2 people""}]","[]",,"2026-04-09 07:00:15.496","2026-04-13 06:51:40.248","true"
"cmnr4qsuu000pl0jzcz2mdhqs","Navchandi (with Priest)","","10000","","[]","","/uploads/poojas/image-1775718159501-442247507.jpg","A potent ritual performed by a learned priest to address and overcome severe energetic imbalances and obstacles in a devotee's life. This detailed ceremony seeks extensive divine grace and protection.","[]","[]",,"[]","true",,"cmnwu42tr00dol0jza0evcahf",,"[{""name"":""Single"",""price"":10000,""maxPersons"":1,""description"":""For 1 person""},{""name"":""Couple"",""price"":10000,""maxPersons"":2,""description"":""For 2 people""}]","[]",,"2026-04-09 07:02:39.51","2026-04-13 06:51:40.248","true"
"cmnr4wekf000rl0jzzegriz5j","Navchandi (Fund Only)","","10000","","[]","","/uploads/poojas/image-1775718420921-10984650.jpg","This service is for a devotee to sponsor or contribute funds towards a large-scale, communal Navchandi ritual. This is a virtuous act of supporting a powerful ceremony for overall peace and protection.","[]","[]",,"[]","true",,"cmnwu42tr00dol0jza0evcahf",,"[{""name"":""Single"",""price"":10000,""maxPersons"":1,""description"":""For 1 person""},{""name"":""Couple"",""price"":10000,""maxPersons"":2,""description"":""For 2 people""}]","[]",,"2026-04-09 07:07:00.927","2026-04-13 06:51:40.248","true"
"cmnr59luq000tl0jzq43srkcx","Sahasra Chandi","","30000","","[]","","/uploads/poojas/image-1775719036890-20644362.jpg","","[]","[]",,"[]","true",,"cmnwu42tr00dol0jza0evcahf",,"[{""name"":""Single"",""price"":30000,""maxPersons"":1,""description"":""For 1 person""},{""name"":""Couple"",""price"":30000,""maxPersons"":2,""description"":""For 2 people""}]","[]",,"2026-04-09 07:17:16.899","2026-04-13 06:51:40.248","true"
"cmnr6o2fo000vl0jzf1v5ngk8","Ashtottar Kumkum Archana","","500","","[]","","/uploads/poojas/image-1774602238280-488016933.jpg","","[]","[]",,"[]","false","cmnn6kllv00bxl0g7dk8c3c1v","cmnirwvur002rl0g7a2nbz06s",,"[{""name"":""Single"",""price"":500,""maxPersons"":1,""description"":""For 1 person""}]","[]",,"2026-04-09 07:56:31.188","2026-04-09 07:56:31.188","true"
"cmnr6o2fr000xl0jzluq21368","Ekadashi Pooja","","501","","[]","","/uploads/poojas/image-1775714374410-589355111.jpg","","[]","[]",,"[]","false","cmnr2ho9i00o0l0g7bmpcxt6r","cmnirwvur002rl0g7a2nbz06s",,"[{""name"":""Single"",""price"":501,""maxPersons"":1,""description"":""For 1 person""},{""name"":""Couple"",""price"":501,""maxPersons"":2,""description"":""For 2 people""}]","[]",,"2026-04-09 07:56:31.191","2026-04-09 07:56:31.191","true"
"cmnr6o2fs000zl0jzhcartlbq","Abhishek Pooja","Prosperity","201","","[]","","/uploads/poojas/image-1775713889899-624035657.jpg","A sacred ritual of bathing a consecrated idol or symbol with holy substances such as water, milk, honey, and yogurt while chanting relevant hymns. This is performed for purification and to invoke divine energy.","[]","[]",,"[]","false","cmnr27aes00nyl0g7l9z0e1om","cmnirwvur002rl0g7a2nbz06s",,"[{""name"":""Single"",""price"":201,""description"":""For 1 person""},{""name"":""Couple"",""price"":201,""description"":""For 2 people""}]","[]",,"2026-04-09 07:56:31.192","2026-04-09 07:56:31.192","true"
"cmnr6o2ft0011l0jzt79uh4w3","Prasad Offering","General","201","","[]","","/uploads/poojas/image-1775654886706-260789733.jpg","A standard service for devotees to offer a set amount of traditional food items or sweets as a sacred offering during a specific ritual time. This is a common way to seek blessings and show devotion.","[]","[]",,"[]","false","cmnq2qxps00lsl0g7tuigafjm","cmnirwvur002rl0g7a2nbz06s",,"[{""name"":""Single"",""price"":201,""description"":""For 1 person""},{""name"":""Couple"",""price"":201,""description"":""For 2 people""}]","[]",,"2026-04-09 07:56:31.194","2026-04-09 07:56:31.194","true"
"cmnr6o2fv0013l0jzy0lux9o3","Ashtottar Kumkum Archana","","500","","[]","","/uploads/poojas/image-1775714611025-577404333.jpg","A ritual where kumkum (vermilion) is offered with the simultaneous chanting of 108 names. This is typically performed to invoke blessings for prosperity and overall well-being.","[]","[]",,"[]","false","cmnr2mqu100o2l0g7o22nhnfw","cmnirwvur002rl0g7a2nbz06s",,"[{""name"":""Single"",""price"":500,""maxPersons"":1,""description"":""For 1 person""},{""name"":""Couple"",""price"":500,""maxPersons"":2,""description"":""For 2 people""}]","[]",,"2026-04-09 07:56:31.195","2026-04-09 07:56:31.195","true"
"cmnr6o2fw0015l0jz560rilmp","Shiv Kavach Recitation","Protection","500","","[]","","/uploads/poojas/image-1775714910200-266008288.jpg","A ritual involving the chanting of the Kavach (a protective shield of mantras) related to a specific aspect of the divine. The practice is aimed at seeking energetic protection and safeguarding one's well-being.","[]","[]",,"[]","false","cmnr2t5oh00o4l0g79ssxrpnl","cmnirwvur002rl0g7a2nbz06s",,"[{""name"":""Single"",""price"":500,""maxPersons"":1,""description"":""For 1 person""},{""name"":""Couple"",""price"":500,""maxPersons"":2,""description"":""For 2 people""}]","[]",,"2026-04-09 07:56:31.196","2026-04-09 07:56:31.196","true"
"cmnr6o2fx0017l0jzhq1rrcr5","Brahmin Bhojan","","1500","","[]","","/uploads/poojas/image-1775715220620-591397673.jpg","A virtuous act of offering a complete meal with all due respect and traditional items to learned priests. This is a form of spiritual service, performed for charity and to earn blessings.","[]","[]",,"[]","false","cmnr2zt7900o7l0g73cys2njl","cmnirwvur002rl0g7a2nbz06s",,"[{""name"":""Single"",""price"":1500,""maxPersons"":1,""description"":""For 1 person""},{""name"":""Couple"",""price"":1500,""maxPersons"":2,""description"":""For 2 people""}]","[]",,"2026-04-09 07:56:31.198","2026-04-09 07:56:31.198","true"
"cmnr6o2fz0019l0jzjq1pfkj9","Sahasra Kumkum Archana","","800","","[]","","/uploads/poojas/image-1775715380041-512324847.jpg","An extended kumkum archana performed with the powerful chanting of 1000 distinct names of the divine. This intensive offering is made for significant prosperity and overall auspiciousness.","[]","[]",,"[]","false","cmnr3387m00o9l0g72jy092s0","cmnirwvur002rl0g7a2nbz06s",,"[{""name"":""Single"",""price"":800,""maxPersons"":1,""description"":""For 1 person""},{""name"":""Couple"",""price"":800,""maxPersons"":2,""description"":""For 2 people""}]","[]",,"2026-04-09 07:56:31.199","2026-04-09 07:56:31.199","true"
"cmnr6o2g0001bl0jzvyijilha","Satyanarayan Pooja","","1000","","[]","","/uploads/poojas/image-1775715699954-442819881.jpg","A traditional ritual, often performed as a fund contribution, for the general blessing and peace of a family. It involves the reading of sacred stories that emphasize the value of truth and devotion.","[]","[]",,"[]","false","cmnr3a32200obl0g72k8999hi","cmnirwvur002rl0g7a2nbz06s",,"[{""name"":""Single"",""price"":1000,""maxPersons"":1,""description"":""For 1 person""},{""name"":""Couple"",""price"":1000,""maxPersons"":2,""description"":""For 2 people""}]","[]",,"2026-04-09 07:56:31.2","2026-04-09 07:56:31.2","true"
"cmnr6o2g1001dl0jzmgm2n8dr","Mrityunjay Jap (1100 + Havan)","","1000","","[]","","/uploads/poojas/image-1775715835782-623439482.jpg","A short-form intensive chanting of the profound Mrityunjay mantra for an individual's health, vitality, and well-being. This powerful chanting is followed by a small, sacred fire ritual (havan).","[]","[]",,"[]","false","cmnr3czv000odl0g71hewx2nf","cmnirwvur002rl0g7a2nbz06s",,"[{""name"":""Single"",""price"":1000,""maxPersons"":1,""description"":""For 1 person""},{""name"":""Couple"",""price"":1000,""maxPersons"":2,""description"":""For 2 people""}]","[]",,"2026-04-09 07:56:31.202","2026-04-09 07:56:31.202","true"
"cmnr6o2g2001fl0jzno98kkal","Mrityunjay Jap (1100 with Priest)","","1000","","[]","","/uploads/poojas/image-1775715972222-912129373.jpg","Chanting of the sacred Mrityunjay mantra performed exclusively by a qualified priest on behalf of the devotee. This service is dedicated to praying for good health and longevity.","[]","[]",,"[]","false","cmnr3fx530001l0jz1lnhmxdr","cmnirwvur002rl0g7a2nbz06s",,"[{""name"":""Single"",""price"":1000,""maxPersons"":1,""description"":""For 1 person""},{""name"":""Couple"",""price"":1000,""maxPersons"":2,""description"":""For 2 people""}]","[]",,"2026-04-09 07:56:31.203","2026-04-09 07:56:31.203","true"
"cmnr6o2g3001hl0jzmnzc8okp","Navchandi (Havan)","","1000","","[]","","/uploads/poojas/image-1775716077282-268089118.jpg","A potent and protective fire ritual designed to seek divine intervention for overcoming significant obstacles or misfortunes (doshas). It involves specific invocations for comprehensive well-being.","[]","[]",,"[]","false","cmnr3i67d0003l0jzn03auzfa","cmnirwvur002rl0g7a2nbz06s",,"[{""name"":""Single"",""price"":1000,""maxPersons"":1,""description"":""For 1 person""},{""name"":""Couple"",""price"":1000,""maxPersons"":2,""description"":""For 2 people""}]","[]",,"2026-04-09 07:56:31.204","2026-04-09 07:56:31.204","true"
"cmnr6o2g4001jl0jzhq48noei","Samuhik Poojan","","1000","","[]","","/uploads/poojas/image-1775716340147-549976722.jpg","A group prayer ceremony where multiple families or individuals gather to perform common rituals together. It is an act of communal worship, seeking combined blessings for the well-being of all participants.","[]","[]",,"[]","false","cmnr3nt1a0005l0jz5wtjfiqq","cmnirwvur002rl0g7a2nbz06s",,"[{""name"":""Single"",""price"":1000,""maxPersons"":1,""description"":""For 1 person""},{""name"":""Couple"",""price"":1001,""maxPersons"":2,""description"":""For 2 people""}]","[]",,"2026-04-09 07:56:31.205","2026-04-09 07:56:31.205","true"
"cmnr6o2g5001ll0jzjxazjf7j","Naivedya Offering","","500","","[]","","/uploads/poojas/image-1775716406495-477960908.jpg","A traditional and beautifully presented food offering made to the divine. Devotees can sponsor this consecrated meal which is then ritually offered at the altar.","[]","[]",,"[]","false","cmnr3p8840007l0jzkzlmahfo","cmnirwvur002rl0g7a2nbz06s",,"[{""name"":""Single"",""price"":500,""maxPersons"":1,""description"":""For 1 person""},{""name"":""Couple"",""price"":500,""maxPersons"":2,""description"":""For 2 people""}]","[]",,"2026-04-09 07:56:31.206","2026-04-09 07:56:31.206","true"
"cmnr6o2g7001nl0jzgtzuyli7","Graha Shanti","","1500","","[]","","/uploads/poojas/image-1775716525030-550520477.jpg","A vital ritual performed to mitigate the negative influences of planetary alignments (grahas) and bring peace and harmony. This comprehensive ceremony seeks energetic balance in one's life.","[]","[]",,"[]","false","cmnr3rros0009l0jzw6hrfnjr","cmnirwvur002rl0g7a2nbz06s",,"[{""name"":""Single"",""price"":1500,""maxPersons"":1,""description"":""For 1 person""},{""name"":""Couple"",""price"":1500,""maxPersons"":2,""description"":""For 2 people""}]","[]",,"2026-04-09 07:56:31.207","2026-04-09 07:56:31.207","true"
"cmnr6o2g8001pl0jzdrzqji5d","Mrityunjay Jap (11000 + Havan)","","2000","","[]","","/uploads/poojas/image-1775716701371-456857384.jpg","An extended and highly potent repetition of the sacred Mrityunjay mantra, chanted 11000 times by priests. This significant spiritual endeavor, followed by a fire ritual, is for profound healing and protection.","[]","[]",,"[]","false","cmnr3vjr4000bl0jzphiudpv2","cmnirwvur002rl0g7a2nbz06s",,"[{""name"":""Single"",""price"":2000,""maxPersons"":1,""description"":""For 1 person""},{""name"":""Couple"",""price"":2000,""maxPersons"":2,""description"":""For 2 people""}]","[{""a"":"""",""q"":""""}]",,"2026-04-09 07:56:31.208","2026-04-09 07:56:31.208","true"
"cmnr6o2g9001rl0jzyvmnmp64","Saptashati Path","","2500","","[]","","/uploads/poojas/image-1775716829652-18718360.jpg","The recitation of the complete Saptashati scripture, known for its powerful spiritual vibrations. This sacred chanting is performed to invoke divine protection and overcome adversities.","[]","[]",,"[]","false","cmnr3yaqh000dl0jz5kdx775n","cmnirwvur002rl0g7a2nbz06s",,"[{""name"":""Single"",""price"":2500,""maxPersons"":1,""description"":""For 1 person""},{""name"":""Couple"",""price"":2500,""maxPersons"":2,""description"":""For 2 people""}]","[]",,"2026-04-09 07:56:31.209","2026-04-09 07:56:31.209","true"
"cmnr6o2ga001tl0jz5xxk75a7","Saptashati Full Path ","","3000","","[]","","/uploads/poojas/image-1775716927084-30207570.jpg","The most complete and exhaustive form of the Saptashati scripture recitation. This meticulous chanting is a deep spiritual practice aimed at seeking highest divine protection.","[]","[]",,"[]","false","cmnr40dwu000fl0jzxm63i0nu","cmnirwvur002rl0g7a2nbz06s",,"[{""name"":""Single"",""price"":3000,""maxPersons"":1,""description"":""For 1 person""},{""name"":""Couple"",""price"":2999,""maxPersons"":2,""description"":""For 2 people""}]","[]",,"2026-04-09 07:56:31.21","2026-04-09 07:56:31.21","true"
"cmnr6o2gb001vl0jz2rz6j91m","Mrityunjay Jap (11000 with Priest)","","6000","","[]","","/uploads/poojas/image-1775717484826-286743795.jpg","The sacred Mrityunjay mantra chanted 11000 times by an experienced priest on behalf of the devotee. This is a comprehensive spiritual service dedicated to intense prayers for good health and longevity.","[]","[]",,"[]","false","cmnr4cc9r000hl0jzafwjfow1","cmnirwvur002rl0g7a2nbz06s",,"[{""name"":""Single"",""price"":6000,""maxPersons"":1,""description"":""For 1 person""},{""name"":""Couple"",""price"":6000,""maxPersons"":2,""description"":""For 2 people""}]","[]",,"2026-04-09 07:56:31.211","2026-04-09 07:56:31.211","true"
"cmnr6o2gc001xl0jzxo98bqfx","Maharudra Anushthan","","2000","","[]","","/uploads/poojas/image-1775717643450-407930988.jpg","An advanced and potent ritual of worship involving the powerful recitation of the standard eleven forms of a potent chant (Rudra). This deep spiritual practice is performed for comprehensive blessings and protection.","[]","[]",,"[]","false","cmnr4fqo5000jl0jznnkvopdu","cmnirwvur002rl0g7a2nbz06s",,"[{""name"":""Single"",""price"":2000,""maxPersons"":1,""description"":""For 1 person""},{""name"":""Couple"",""price"":2000,""maxPersons"":2,""description"":""For 2 people""}]","[]",,"2026-04-09 07:56:31.212","2026-04-09 07:56:31.212","true"
"cmnr6o2gd001zl0jzf4nmq7jp","Laghu Rudra","","6000","","[]","","/uploads/poojas/image-1775717831910-92755343.jpg","A focused and effective ritual involving the traditional repetition of the potent Rudra chant. This is an authentic and essential form of worship for spiritual growth and inner peace.","[]","[]",,"[]","false","cmnr4js2z000ll0jz41yqkvtk","cmnirwvur002rl0g7a2nbz06s",,"[{""name"":""Single"",""price"":6000,""maxPersons"":1,""description"":""For 1 person""},{""name"":""Couple"",""price"":5999,""maxPersons"":2,""description"":""For 2 people""}]","[]",,"2026-04-09 07:56:31.214","2026-04-09 07:56:31.214","true"
"cmnr6o2ge0021l0jzzbvfy2n8","Vishnu Sahasranama","","6000","","[]","","/uploads/poojas/image-1775718015487-622274742.jpg","The ritualistic chanting of the complete 1000 names of a supreme divine form. This practice is undertaken to seek abundant prosperity, sound health, and overall well-being.","[]","[]",,"[]","false","cmnr4npqg000nl0jz33byqu1w","cmnirwvur002rl0g7a2nbz06s",,"[{""name"":""Single"",""price"":6000,""maxPersons"":1,""description"":""For 1 person""},{""name"":""Couple"",""price"":6000,""maxPersons"":2,""description"":""For 2 people""}]","[]",,"2026-04-09 07:56:31.215","2026-04-09 07:56:31.215","true"
"cmnr6o2gf0023l0jzgjg0lto4","Navchandi (with Priest)","","10000","","[]","","/uploads/poojas/image-1775718159501-442247507.jpg","A potent ritual performed by a learned priest to address and overcome severe energetic imbalances and obstacles in a devotee's life. This detailed ceremony seeks extensive divine grace and protection.","[]","[]",,"[]","false","cmnr4qsuu000pl0jzcz2mdhqs","cmnirwvur002rl0g7a2nbz06s",,"[{""name"":""Single"",""price"":10000,""maxPersons"":1,""description"":""For 1 person""},{""name"":""Couple"",""price"":10000,""maxPersons"":2,""description"":""For 2 people""}]","[]",,"2026-04-09 07:56:31.216","2026-04-09 07:56:31.216","true"
"cmnr6o2gg0025l0jz4jdzq7si","Navchandi (Fund Only)","","10000","","[]","","/uploads/poojas/image-1775718420921-10984650.jpg","This service is for a devotee to sponsor or contribute funds towards a large-scale, communal Navchandi ritual. This is a virtuous act of supporting a powerful ceremony for overall peace and protection.","[]","[]",,"[]","false","cmnr4wekf000rl0jzzegriz5j","cmnirwvur002rl0g7a2nbz06s",,"[{""name"":""Single"",""price"":10000,""maxPersons"":1,""description"":""For 1 person""},{""name"":""Couple"",""price"":10000,""maxPersons"":2,""description"":""For 2 people""}]","[]",,"2026-04-09 07:56:31.217","2026-04-09 07:56:31.217","true"
"cmnr6o2gh0027l0jzken0cmke","Sahasra Chandi","","30000","","[]","","/uploads/poojas/image-1775719036890-20644362.jpg","","[]","[]",,"[]","false","cmnr59luq000tl0jzq43srkcx","cmnirwvur002rl0g7a2nbz06s",,"[{""name"":""Single"",""price"":30000,""maxPersons"":1,""description"":""For 1 person""},{""name"":""Couple"",""price"":30000,""maxPersons"":2,""description"":""For 2 people""}]","[]",,"2026-04-09 07:56:31.217","2026-04-09 07:56:31.217","true"
"cmnr6pcs50029l0jzd88xhs7v","Ekadashi Pooja","","501","","[]","","/uploads/poojas/image-1775714374410-589355111.jpg","","[]","[]",,"[]","false","cmnr2ho9i00o0l0g7bmpcxt6r","cmn8gw8m00001l0rlou9ew4x5",,"[{""name"":""Single"",""price"":501,""maxPersons"":1,""description"":""For 1 person""},{""name"":""Couple"",""price"":501,""maxPersons"":2,""description"":""For 2 people""}]","[]",,"2026-04-09 07:57:31.253","2026-04-09 07:57:31.253","true"
"cmnr6pcs6002bl0jz7vcg3imy","Abhishek Pooja","Prosperity","201","","[]","","/uploads/poojas/image-1775713889899-624035657.jpg","A sacred ritual of bathing a consecrated idol or symbol with holy substances such as water, milk, honey, and yogurt while chanting relevant hymns. This is performed for purification and to invoke divine energy.","[]","[]",,"[]","false","cmnr27aes00nyl0g7l9z0e1om","cmn8gw8m00001l0rlou9ew4x5",,"[{""name"":""Single"",""price"":201,""description"":""For 1 person""},{""name"":""Couple"",""price"":201,""description"":""For 2 people""}]","[]",,"2026-04-09 07:57:31.254","2026-04-09 07:57:31.254","true"
"cmnr6pcs7002dl0jzbq4o4ksr","Prasad Offering","General","201","","[]","","/uploads/poojas/image-1775654886706-260789733.jpg","A standard service for devotees to offer a set amount of traditional food items or sweets as a sacred offering during a specific ritual time. This is a common way to seek blessings and show devotion.","[]","[]",,"[]","false","cmnq2qxps00lsl0g7tuigafjm","cmn8gw8m00001l0rlou9ew4x5",,"[{""name"":""Single"",""price"":201,""description"":""For 1 person""},{""name"":""Couple"",""price"":201,""description"":""For 2 people""}]","[]",,"2026-04-09 07:57:31.255","2026-04-09 07:57:31.255","true"
"cmnr6pcs8002fl0jzddrdfgjl","Ashtottar Kumkum Archana","","500","","[]","","/uploads/poojas/image-1775714611025-577404333.jpg","A ritual where kumkum (vermilion) is offered with the simultaneous chanting of 108 names. This is typically performed to invoke blessings for prosperity and overall well-being.","[]","[]",,"[]","false","cmnr2mqu100o2l0g7o22nhnfw","cmn8gw8m00001l0rlou9ew4x5",,"[{""name"":""Single"",""price"":500,""maxPersons"":1,""description"":""For 1 person""},{""name"":""Couple"",""price"":500,""maxPersons"":2,""description"":""For 2 people""}]","[]",,"2026-04-09 07:57:31.257","2026-04-09 07:57:31.257","true"
"cmnr6pcs9002hl0jz2dg5n7th","Shiv Kavach Recitation","Protection","500","","[]","","/uploads/poojas/image-1775714910200-266008288.jpg","A ritual involving the chanting of the Kavach (a protective shield of mantras) related to a specific aspect of the divine. The practice is aimed at seeking energetic protection and safeguarding one's well-being.","[]","[]",,"[]","false","cmnr2t5oh00o4l0g79ssxrpnl","cmn8gw8m00001l0rlou9ew4x5",,"[{""name"":""Single"",""price"":500,""maxPersons"":1,""description"":""For 1 person""},{""name"":""Couple"",""price"":500,""maxPersons"":2,""description"":""For 2 people""}]","[]",,"2026-04-09 07:57:31.258","2026-04-09 07:57:31.258","true"
"cmnr6pcsa002jl0jzd7y6mfnf","Brahmin Bhojan","","1500","","[]","","/uploads/poojas/image-1775715220620-591397673.jpg","A virtuous act of offering a complete meal with all due respect and traditional items to learned priests. This is a form of spiritual service, performed for charity and to earn blessings.","[]","[]",,"[]","false","cmnr2zt7900o7l0g73cys2njl","cmn8gw8m00001l0rlou9ew4x5",,"[{""name"":""Single"",""price"":1500,""maxPersons"":1,""description"":""For 1 person""},{""name"":""Couple"",""price"":1500,""maxPersons"":2,""description"":""For 2 people""}]","[]",,"2026-04-09 07:57:31.259","2026-04-09 07:57:31.259","true"
"cmnr6pcsb002ll0jzk7kb4ezc","Sahasra Kumkum Archana","","800","","[]","","/uploads/poojas/image-1775715380041-512324847.jpg","An extended kumkum archana performed with the powerful chanting of 1000 distinct names of the divine. This intensive offering is made for significant prosperity and overall auspiciousness.","[]","[]",,"[]","false","cmnr3387m00o9l0g72jy092s0","cmn8gw8m00001l0rlou9ew4x5",,"[{""name"":""Single"",""price"":800,""maxPersons"":1,""description"":""For 1 person""},{""name"":""Couple"",""price"":800,""maxPersons"":2,""description"":""For 2 people""}]","[]",,"2026-04-09 07:57:31.26","2026-04-09 07:57:31.26","true"
"cmnr6pcsc002nl0jzymtldpj4","Satyanarayan Pooja","","1000","","[]","","/uploads/poojas/image-1775715699954-442819881.jpg","A traditional ritual, often performed as a fund contribution, for the general blessing and peace of a family. It involves the reading of sacred stories that emphasize the value of truth and devotion.","[]","[]",,"[]","false","cmnr3a32200obl0g72k8999hi","cmn8gw8m00001l0rlou9ew4x5",,"[{""name"":""Single"",""price"":1000,""maxPersons"":1,""description"":""For 1 person""},{""name"":""Couple"",""price"":1000,""maxPersons"":2,""description"":""For 2 people""}]","[]",,"2026-04-09 07:57:31.261","2026-04-09 07:57:31.261","true"
"cmnr6pcsd002pl0jz4l4oo3xv","Mrityunjay Jap (1100 + Havan)","","1000","","[]","","/uploads/poojas/image-1775715835782-623439482.jpg","A short-form intensive chanting of the profound Mrityunjay mantra for an individual's health, vitality, and well-being. This powerful chanting is followed by a small, sacred fire ritual (havan).","[]","[]",,"[]","false","cmnr3czv000odl0g71hewx2nf","cmn8gw8m00001l0rlou9ew4x5",,"[{""name"":""Single"",""price"":1000,""maxPersons"":1,""description"":""For 1 person""},{""name"":""Couple"",""price"":1000,""maxPersons"":2,""description"":""For 2 people""}]","[]",,"2026-04-09 07:57:31.262","2026-04-09 07:57:31.262","true"
"cmnr6pcse002rl0jztj7r4wwu","Mrityunjay Jap (1100 with Priest)","","1000","","[]","","/uploads/poojas/image-1775715972222-912129373.jpg","Chanting of the sacred Mrityunjay mantra performed exclusively by a qualified priest on behalf of the devotee. This service is dedicated to praying for good health and longevity.","[]","[]",,"[]","false","cmnr3fx530001l0jz1lnhmxdr","cmn8gw8m00001l0rlou9ew4x5",,"[{""name"":""Single"",""price"":1000,""maxPersons"":1,""description"":""For 1 person""},{""name"":""Couple"",""price"":1000,""maxPersons"":2,""description"":""For 2 people""}]","[]",,"2026-04-09 07:57:31.263","2026-04-09 07:57:31.263","true"
"cmnr6pcsf002tl0jzz1ffu61d","Navchandi (Havan)","","1000","","[]","","/uploads/poojas/image-1775716077282-268089118.jpg","A potent and protective fire ritual designed to seek divine intervention for overcoming significant obstacles or misfortunes (doshas). It involves specific invocations for comprehensive well-being.","[]","[]",,"[]","false","cmnr3i67d0003l0jzn03auzfa","cmn8gw8m00001l0rlou9ew4x5",,"[{""name"":""Single"",""price"":1000,""maxPersons"":1,""description"":""For 1 person""},{""name"":""Couple"",""price"":1000,""maxPersons"":2,""description"":""For 2 people""}]","[]",,"2026-04-09 07:57:31.264","2026-04-09 07:57:31.264","true"
"cmnr6pcsg002vl0jz52rhzhoo","Samuhik Poojan","","1000","","[]","","/uploads/poojas/image-1775716340147-549976722.jpg","A group prayer ceremony where multiple families or individuals gather to perform common rituals together. It is an act of communal worship, seeking combined blessings for the well-being of all participants.","[]","[]",,"[]","false","cmnr3nt1a0005l0jz5wtjfiqq","cmn8gw8m00001l0rlou9ew4x5",,"[{""name"":""Single"",""price"":1000,""maxPersons"":1,""description"":""For 1 person""},{""name"":""Couple"",""price"":1001,""maxPersons"":2,""description"":""For 2 people""}]","[]",,"2026-04-09 07:57:31.265","2026-04-09 07:57:31.265","true"
"cmnr6pcsh002xl0jzs30d4qby","Naivedya Offering","","500","","[]","","/uploads/poojas/image-1775716406495-477960908.jpg","A traditional and beautifully presented food offering made to the divine. Devotees can sponsor this consecrated meal which is then ritually offered at the altar.","[]","[]",,"[]","false","cmnr3p8840007l0jzkzlmahfo","cmn8gw8m00001l0rlou9ew4x5",,"[{""name"":""Single"",""price"":500,""maxPersons"":1,""description"":""For 1 person""},{""name"":""Couple"",""price"":500,""maxPersons"":2,""description"":""For 2 people""}]","[]",,"2026-04-09 07:57:31.266","2026-04-09 07:57:31.266","true"
"cmnr6pcsi002zl0jzysdijr0b","Graha Shanti","","1500","","[]","","/uploads/poojas/image-1775716525030-550520477.jpg","A vital ritual performed to mitigate the negative influences of planetary alignments (grahas) and bring peace and harmony. This comprehensive ceremony seeks energetic balance in one's life.","[]","[]",,"[]","false","cmnr3rros0009l0jzw6hrfnjr","cmn8gw8m00001l0rlou9ew4x5",,"[{""name"":""Single"",""price"":1500,""maxPersons"":1,""description"":""For 1 person""},{""name"":""Couple"",""price"":1500,""maxPersons"":2,""description"":""For 2 people""}]","[]",,"2026-04-09 07:57:31.267","2026-04-09 07:57:31.267","true"
"cmnr6pcsj0031l0jz0e1fmaao","Mrityunjay Jap (11000 + Havan)","","2000","","[]","","/uploads/poojas/image-1775716701371-456857384.jpg","An extended and highly potent repetition of the sacred Mrityunjay mantra, chanted 11000 times by priests. This significant spiritual endeavor, followed by a fire ritual, is for profound healing and protection.","[]","[]",,"[]","false","cmnr3vjr4000bl0jzphiudpv2","cmn8gw8m00001l0rlou9ew4x5",,"[{""name"":""Single"",""price"":2000,""maxPersons"":1,""description"":""For 1 person""},{""name"":""Couple"",""price"":2000,""maxPersons"":2,""description"":""For 2 people""}]","[{""a"":"""",""q"":""""}]",,"2026-04-09 07:57:31.268","2026-04-09 07:57:31.268","true"
"cmnr6pcsk0033l0jz7wq0rxl2","Saptashati Path","","2500","","[]","","/uploads/poojas/image-1775716829652-18718360.jpg","The recitation of the complete Saptashati scripture, known for its powerful spiritual vibrations. This sacred chanting is performed to invoke divine protection and overcome adversities.","[]","[]",,"[]","false","cmnr3yaqh000dl0jz5kdx775n","cmn8gw8m00001l0rlou9ew4x5",,"[{""name"":""Single"",""price"":2500,""maxPersons"":1,""description"":""For 1 person""},{""name"":""Couple"",""price"":2500,""maxPersons"":2,""description"":""For 2 people""}]","[]",,"2026-04-09 07:57:31.269","2026-04-09 07:57:31.269","true"
"cmnr6pcsl0035l0jzkbjbo75u","Saptashati Full Path ","","3000","","[]","","/uploads/poojas/image-1775716927084-30207570.jpg","The most complete and exhaustive form of the Saptashati scripture recitation. This meticulous chanting is a deep spiritual practice aimed at seeking highest divine protection.","[]","[]",,"[]","false","cmnr40dwu000fl0jzxm63i0nu","cmn8gw8m00001l0rlou9ew4x5",,"[{""name"":""Single"",""price"":3000,""maxPersons"":1,""description"":""For 1 person""},{""name"":""Couple"",""price"":2999,""maxPersons"":2,""description"":""For 2 people""}]","[]",,"2026-04-09 07:57:31.27","2026-04-09 07:57:31.27","true"
"cmnr6pcsm0037l0jznqxww7dg","Mrityunjay Jap (11000 with Priest)","","6000","","[]","","/uploads/poojas/image-1775717484826-286743795.jpg","The sacred Mrityunjay mantra chanted 11000 times by an experienced priest on behalf of the devotee. This is a comprehensive spiritual service dedicated to intense prayers for good health and longevity.","[]","[]",,"[]","false","cmnr4cc9r000hl0jzafwjfow1","cmn8gw8m00001l0rlou9ew4x5",,"[{""name"":""Single"",""price"":6000,""maxPersons"":1,""description"":""For 1 person""},{""name"":""Couple"",""price"":6000,""maxPersons"":2,""description"":""For 2 people""}]","[]",,"2026-04-09 07:57:31.271","2026-04-09 07:57:31.271","true"
"cmnr6pcsn0039l0jzts5dxv2q","Maharudra Anushthan","","2000","","[]","","/uploads/poojas/image-1775717643450-407930988.jpg","An advanced and potent ritual of worship involving the powerful recitation of the standard eleven forms of a potent chant (Rudra). This deep spiritual practice is performed for comprehensive blessings and protection.","[]","[]",,"[]","false","cmnr4fqo5000jl0jznnkvopdu","cmn8gw8m00001l0rlou9ew4x5",,"[{""name"":""Single"",""price"":2000,""maxPersons"":1,""description"":""For 1 person""},{""name"":""Couple"",""price"":2000,""maxPersons"":2,""description"":""For 2 people""}]","[]",,"2026-04-09 07:57:31.272","2026-04-09 07:57:31.272","true"
"cmnr6pcsp003bl0jzvmbpmd6i","Laghu Rudra","","6000","","[]","","/uploads/poojas/image-1775717831910-92755343.jpg","A focused and effective ritual involving the traditional repetition of the potent Rudra chant. This is an authentic and essential form of worship for spiritual growth and inner peace.","[]","[]",,"[]","false","cmnr4js2z000ll0jz41yqkvtk","cmn8gw8m00001l0rlou9ew4x5",,"[{""name"":""Single"",""price"":6000,""maxPersons"":1,""description"":""For 1 person""},{""name"":""Couple"",""price"":5999,""maxPersons"":2,""description"":""For 2 people""}]","[]",,"2026-04-09 07:57:31.273","2026-04-09 07:57:31.273","true"
"cmnr6pcsq003dl0jzzq41z1as","Vishnu Sahasranama","","6000","","[]","","/uploads/poojas/image-1775718015487-622274742.jpg","The ritualistic chanting of the complete 1000 names of a supreme divine form. This practice is undertaken to seek abundant prosperity, sound health, and overall well-being.","[]","[]",,"[]","false","cmnr4npqg000nl0jz33byqu1w","cmn8gw8m00001l0rlou9ew4x5",,"[{""name"":""Single"",""price"":6000,""maxPersons"":1,""description"":""For 1 person""},{""name"":""Couple"",""price"":6000,""maxPersons"":2,""description"":""For 2 people""}]","[]",,"2026-04-09 07:57:31.274","2026-04-09 07:57:31.274","true"
"cmnr6pcsr003fl0jz9ac18at3","Navchandi (with Priest)","","10000","","[]","","/uploads/poojas/image-1775718159501-442247507.jpg","A potent ritual performed by a learned priest to address and overcome severe energetic imbalances and obstacles in a devotee's life. This detailed ceremony seeks extensive divine grace and protection.","[]","[]",,"[]","false","cmnr4qsuu000pl0jzcz2mdhqs","cmn8gw8m00001l0rlou9ew4x5",,"[{""name"":""Single"",""price"":10000,""maxPersons"":1,""description"":""For 1 person""},{""name"":""Couple"",""price"":10000,""maxPersons"":2,""description"":""For 2 people""}]","[]",,"2026-04-09 07:57:31.276","2026-04-09 07:57:31.276","true"
"cmnr6pcss003hl0jzs7vgg32l","Navchandi (Fund Only)","","10000","","[]","","/uploads/poojas/image-1775718420921-10984650.jpg","This service is for a devotee to sponsor or contribute funds towards a large-scale, communal Navchandi ritual. This is a virtuous act of supporting a powerful ceremony for overall peace and protection.","[]","[]",,"[]","false","cmnr4wekf000rl0jzzegriz5j","cmn8gw8m00001l0rlou9ew4x5",,"[{""name"":""Single"",""price"":10000,""maxPersons"":1,""description"":""For 1 person""},{""name"":""Couple"",""price"":10000,""maxPersons"":2,""description"":""For 2 people""}]","[]",,"2026-04-09 07:57:31.277","2026-04-09 07:57:31.277","true"
"cmnr6pcst003jl0jzn22o54kj","Sahasra Chandi","","30000","","[]","","/uploads/poojas/image-1775719036890-20644362.jpg","","[]","[]",,"[]","false","cmnr59luq000tl0jzq43srkcx","cmn8gw8m00001l0rlou9ew4x5",,"[{""name"":""Single"",""price"":30000,""maxPersons"":1,""description"":""For 1 person""},{""name"":""Couple"",""price"":30000,""maxPersons"":2,""description"":""For 2 people""}]","[]",,"2026-04-09 07:57:31.278","2026-04-09 07:57:31.278","true"
"cmnr6q4hc003ml0jzyg1e4y4u","Ashtottar Kumkum Archana","","500","","[]","","/uploads/poojas/image-1774602238280-488016933.jpg","","[]","[]",,"[]","false","cmnn6kllv00bxl0g7dk8c3c1v","cmnirhr0u002pl0g7qv0u188a",,"[{""name"":""Single"",""price"":500,""maxPersons"":1,""description"":""For 1 person""}]","[]",,"2026-04-09 07:58:07.152","2026-04-10 05:35:06.943","true"
"cmnr6q4hd003ol0jzpoe79p92","Ekadashi Pooja","","501","","[]","","/uploads/poojas/image-1775714374410-589355111.jpg","","[]","[]",,"[]","false","cmnr2ho9i00o0l0g7bmpcxt6r","cmnirhr0u002pl0g7qv0u188a",,"[{""name"":""Single"",""price"":501,""maxPersons"":1,""description"":""For 1 person""},{""name"":""Couple"",""price"":501,""maxPersons"":2,""description"":""For 2 people""}]","[]",,"2026-04-09 07:58:07.154","2026-04-10 05:35:06.95","true"
"cmnr6q4hf003ql0jzs2qcwy87","Abhishek Pooja","Prosperity","201","","[]","","/uploads/poojas/image-1775713889899-624035657.jpg","A sacred ritual of bathing a consecrated idol or symbol with holy substances such as water, milk, honey, and yogurt while chanting relevant hymns. This is performed for purification and to invoke divine energy.","[]","[]",,"[]","false","cmnr27aes00nyl0g7l9z0e1om","cmnirhr0u002pl0g7qv0u188a",,"[{""name"":""Single"",""price"":201,""description"":""For 1 person""},{""name"":""Couple"",""price"":201,""description"":""For 2 people""}]","[]",,"2026-04-09 07:58:07.155","2026-04-10 05:35:06.953","true"
"cmnr6q4hg003sl0jzhzzbyly0","Prasad Offering","General","201","","[]","","/uploads/poojas/image-1775654886706-260789733.jpg","A standard service for devotees to offer a set amount of traditional food items or sweets as a sacred offering during a specific ritual time. This is a common way to seek blessings and show devotion.","[]","[]",,"[]","false","cmnq2qxps00lsl0g7tuigafjm","cmnirhr0u002pl0g7qv0u188a",,"[{""name"":""Single"",""price"":201,""description"":""For 1 person""},{""name"":""Couple"",""price"":201,""description"":""For 2 people""}]","[]",,"2026-04-09 07:58:07.157","2026-04-10 05:35:06.954","true"
"cmnr6q4hh003ul0jzhd6333ae","Ashtottar Kumkum Archana","","500","","[]","","/uploads/poojas/image-1775714611025-577404333.jpg","A ritual where kumkum (vermilion) is offered with the simultaneous chanting of 108 names. This is typically performed to invoke blessings for prosperity and overall well-being.","[]","[]",,"[]","false","cmnr2mqu100o2l0g7o22nhnfw","cmnirhr0u002pl0g7qv0u188a",,"[{""name"":""Single"",""price"":500,""maxPersons"":1,""description"":""For 1 person""},{""name"":""Couple"",""price"":500,""maxPersons"":2,""description"":""For 2 people""}]","[]",,"2026-04-09 07:58:07.158","2026-04-10 05:35:06.957","true"
"cmnr6q4hj003wl0jzf9k3l2op","Shiv Kavach Recitation","Protection","500","","[]","","/uploads/poojas/image-1775714910200-266008288.jpg","A ritual involving the chanting of the Kavach (a protective shield of mantras) related to a specific aspect of the divine. The practice is aimed at seeking energetic protection and safeguarding one's well-being.","[]","[]",,"[]","false","cmnr2t5oh00o4l0g79ssxrpnl","cmnirhr0u002pl0g7qv0u188a",,"[{""name"":""Single"",""price"":500,""maxPersons"":1,""description"":""For 1 person""},{""name"":""Couple"",""price"":500,""maxPersons"":2,""description"":""For 2 people""}]","[]",,"2026-04-09 07:58:07.159","2026-04-10 05:35:06.961","true"
"cmnr6q4hk003yl0jzdesr8bbi","Brahmin Bhojan","","1500","","[]","","/uploads/poojas/image-1775715220620-591397673.jpg","A virtuous act of offering a complete meal with all due respect and traditional items to learned priests. This is a form of spiritual service, performed for charity and to earn blessings.","[]","[]",,"[]","false","cmnr2zt7900o7l0g73cys2njl","cmnirhr0u002pl0g7qv0u188a",,"[{""name"":""Single"",""price"":1500,""maxPersons"":1,""description"":""For 1 person""},{""name"":""Couple"",""price"":1500,""maxPersons"":2,""description"":""For 2 people""}]","[]",,"2026-04-09 07:58:07.16","2026-04-10 05:35:06.965","true"
"cmnr6q4hl0040l0jzjttgmd5r","Sahasra Kumkum Archana","","800","","[]","","/uploads/poojas/image-1775715380041-512324847.jpg","An extended kumkum archana performed with the powerful chanting of 1000 distinct names of the divine. This intensive offering is made for significant prosperity and overall auspiciousness.","[]","[]",,"[]","false","cmnr3387m00o9l0g72jy092s0","cmnirhr0u002pl0g7qv0u188a",,"[{""name"":""Single"",""price"":800,""maxPersons"":1,""description"":""For 1 person""},{""name"":""Couple"",""price"":800,""maxPersons"":2,""description"":""For 2 people""}]","[]",,"2026-04-09 07:58:07.162","2026-04-10 05:35:06.969","true"
"cmnr6q4hm0042l0jzscwaxhjt","Satyanarayan Pooja","","1000","","[]","","/uploads/poojas/image-1775715699954-442819881.jpg","A traditional ritual, often performed as a fund contribution, for the general blessing and peace of a family. It involves the reading of sacred stories that emphasize the value of truth and devotion.","[]","[]",,"[]","false","cmnr3a32200obl0g72k8999hi","cmnirhr0u002pl0g7qv0u188a",,"[{""name"":""Single"",""price"":1000,""maxPersons"":1,""description"":""For 1 person""},{""name"":""Couple"",""price"":1000,""maxPersons"":2,""description"":""For 2 people""}]","[]",,"2026-04-09 07:58:07.163","2026-04-10 05:35:06.971","true"
"cmnr6q4hn0044l0jz0cydb5jr","Mrityunjay Jap (1100 + Havan)","","1000","","[]","","/uploads/poojas/image-1775715835782-623439482.jpg","A short-form intensive chanting of the profound Mrityunjay mantra for an individual's health, vitality, and well-being. This powerful chanting is followed by a small, sacred fire ritual (havan).","[]","[]",,"[]","false","cmnr3czv000odl0g71hewx2nf","cmnirhr0u002pl0g7qv0u188a",,"[{""name"":""Single"",""price"":1000,""maxPersons"":1,""description"":""For 1 person""},{""name"":""Couple"",""price"":1000,""maxPersons"":2,""description"":""For 2 people""}]","[]",,"2026-04-09 07:58:07.164","2026-04-10 05:35:06.974","true"
"cmnr6q4ho0046l0jzapj6eyqd","Mrityunjay Jap (1100 with Priest)","","1000","","[]","","/uploads/poojas/image-1775715972222-912129373.jpg","Chanting of the sacred Mrityunjay mantra performed exclusively by a qualified priest on behalf of the devotee. This service is dedicated to praying for good health and longevity.","[]","[]",,"[]","false","cmnr3fx530001l0jz1lnhmxdr","cmnirhr0u002pl0g7qv0u188a",,"[{""name"":""Single"",""price"":1000,""maxPersons"":1,""description"":""For 1 person""},{""name"":""Couple"",""price"":1000,""maxPersons"":2,""description"":""For 2 people""}]","[]",,"2026-04-09 07:58:07.165","2026-04-10 05:35:06.975","true"
"cmnr6q4hq0048l0jz1gpekasx","Navchandi (Havan)","","1000","","[]","","/uploads/poojas/image-1775716077282-268089118.jpg","A potent and protective fire ritual designed to seek divine intervention for overcoming significant obstacles or misfortunes (doshas). It involves specific invocations for comprehensive well-being.","[]","[]",,"[]","false","cmnr3i67d0003l0jzn03auzfa","cmnirhr0u002pl0g7qv0u188a",,"[{""name"":""Single"",""price"":1000,""maxPersons"":1,""description"":""For 1 person""},{""name"":""Couple"",""price"":1000,""maxPersons"":2,""description"":""For 2 people""}]","[]",,"2026-04-09 07:58:07.166","2026-04-10 05:35:06.976","true"
"cmnr6q4hr004al0jzxjwtzncs","Samuhik Poojan","","1000","","[]","","/uploads/poojas/image-1775716340147-549976722.jpg","A group prayer ceremony where multiple families or individuals gather to perform common rituals together. It is an act of communal worship, seeking combined blessings for the well-being of all participants.","[]","[]",,"[]","false","cmnr3nt1a0005l0jz5wtjfiqq","cmnirhr0u002pl0g7qv0u188a",,"[{""name"":""Single"",""price"":1000,""maxPersons"":1,""description"":""For 1 person""},{""name"":""Couple"",""price"":1001,""maxPersons"":2,""description"":""For 2 people""}]","[]",,"2026-04-09 07:58:07.167","2026-04-10 05:35:06.982","true"
"cmnr6q4hs004cl0jzjq2iajs4","Naivedya Offering","","500","","[]","","/uploads/poojas/image-1775716406495-477960908.jpg","A traditional and beautifully presented food offering made to the divine. Devotees can sponsor this consecrated meal which is then ritually offered at the altar.","[]","[]",,"[]","false","cmnr3p8840007l0jzkzlmahfo","cmnirhr0u002pl0g7qv0u188a",,"[{""name"":""Single"",""price"":500,""maxPersons"":1,""description"":""For 1 person""},{""name"":""Couple"",""price"":500,""maxPersons"":2,""description"":""For 2 people""}]","[]",,"2026-04-09 07:58:07.168","2026-04-10 05:35:06.985","true"
"cmnr6q4ht004el0jzi3ehgd8u","Graha Shanti","","1500","","[]","","/uploads/poojas/image-1775716525030-550520477.jpg","A vital ritual performed to mitigate the negative influences of planetary alignments (grahas) and bring peace and harmony. This comprehensive ceremony seeks energetic balance in one's life.","[]","[]",,"[]","false","cmnr3rros0009l0jzw6hrfnjr","cmnirhr0u002pl0g7qv0u188a",,"[{""name"":""Single"",""price"":1500,""maxPersons"":1,""description"":""For 1 person""},{""name"":""Couple"",""price"":1500,""maxPersons"":2,""description"":""For 2 people""}]","[]",,"2026-04-09 07:58:07.169","2026-04-10 05:35:06.988","true"
"cmnr6q4hu004gl0jz0izg0qzs","Mrityunjay Jap (11000 + Havan)","","2000","","[]","","/uploads/poojas/image-1775716701371-456857384.jpg","An extended and highly potent repetition of the sacred Mrityunjay mantra, chanted 11000 times by priests. This significant spiritual endeavor, followed by a fire ritual, is for profound healing and protection.","[]","[]",,"[]","false","cmnr3vjr4000bl0jzphiudpv2","cmnirhr0u002pl0g7qv0u188a",,"[{""name"":""Single"",""price"":2000,""maxPersons"":1,""description"":""For 1 person""},{""name"":""Couple"",""price"":2000,""maxPersons"":2,""description"":""For 2 people""}]","[{""a"":"""",""q"":""""}]",,"2026-04-09 07:58:07.17","2026-04-10 05:35:06.991","true"
"cmnr6q4hv004il0jzl9hx1tc5","Saptashati Path","","2500","","[]","","/uploads/poojas/image-1775716829652-18718360.jpg","The recitation of the complete Saptashati scripture, known for its powerful spiritual vibrations. This sacred chanting is performed to invoke divine protection and overcome adversities.","[]","[]",,"[]","false","cmnr3yaqh000dl0jz5kdx775n","cmnirhr0u002pl0g7qv0u188a",,"[{""name"":""Single"",""price"":2500,""maxPersons"":1,""description"":""For 1 person""},{""name"":""Couple"",""price"":2500,""maxPersons"":2,""description"":""For 2 people""}]","[]",,"2026-04-09 07:58:07.171","2026-04-10 05:35:06.993","true"
"cmnr6q4hw004kl0jz2t76plss","Saptashati Full Path ","","3000","","[]","","/uploads/poojas/image-1775716927084-30207570.jpg","The most complete and exhaustive form of the Saptashati scripture recitation. This meticulous chanting is a deep spiritual practice aimed at seeking highest divine protection.","[]","[]",,"[]","false","cmnr40dwu000fl0jzxm63i0nu","cmnirhr0u002pl0g7qv0u188a",,"[{""name"":""Single"",""price"":3000,""maxPersons"":1,""description"":""For 1 person""},{""name"":""Couple"",""price"":2999,""maxPersons"":2,""description"":""For 2 people""}]","[]",,"2026-04-09 07:58:07.172","2026-04-10 05:35:06.994","true"
"cmnr6q4hx004ml0jzf3h2w2ad","Mrityunjay Jap (11000 with Priest)","","6000","","[]","","/uploads/poojas/image-1775717484826-286743795.jpg","The sacred Mrityunjay mantra chanted 11000 times by an experienced priest on behalf of the devotee. This is a comprehensive spiritual service dedicated to intense prayers for good health and longevity.","[]","[]",,"[]","false","cmnr4cc9r000hl0jzafwjfow1","cmnirhr0u002pl0g7qv0u188a",,"[{""name"":""Single"",""price"":6000,""maxPersons"":1,""description"":""For 1 person""},{""name"":""Couple"",""price"":6000,""maxPersons"":2,""description"":""For 2 people""}]","[]",,"2026-04-09 07:58:07.173","2026-04-10 05:35:06.996","true"
"cmnr6q4hy004ol0jzurzv7g0f","Maharudra Anushthan","","2000","","[]","","/uploads/poojas/image-1775717643450-407930988.jpg","An advanced and potent ritual of worship involving the powerful recitation of the standard eleven forms of a potent chant (Rudra). This deep spiritual practice is performed for comprehensive blessings and protection.","[]","[]",,"[]","false","cmnr4fqo5000jl0jznnkvopdu","cmnirhr0u002pl0g7qv0u188a",,"[{""name"":""Single"",""price"":2000,""maxPersons"":1,""description"":""For 1 person""},{""name"":""Couple"",""price"":2000,""maxPersons"":2,""description"":""For 2 people""}]","[]",,"2026-04-09 07:58:07.174","2026-04-10 05:35:06.998","true"
"cmnr6q4hz004ql0jzyb5lhhsl","Laghu Rudra","","6000","","[]","","/uploads/poojas/image-1775717831910-92755343.jpg","A focused and effective ritual involving the traditional repetition of the potent Rudra chant. This is an authentic and essential form of worship for spiritual growth and inner peace.","[]","[]",,"[]","false","cmnr4js2z000ll0jz41yqkvtk","cmnirhr0u002pl0g7qv0u188a",,"[{""name"":""Single"",""price"":6000,""maxPersons"":1,""description"":""For 1 person""},{""name"":""Couple"",""price"":5999,""maxPersons"":2,""description"":""For 2 people""}]","[]",,"2026-04-09 07:58:07.175","2026-04-10 05:35:06.999","true"
"cmnr6q4i0004sl0jzvz49mccp","Vishnu Sahasranama","","6000","","[]","","/uploads/poojas/image-1775718015487-622274742.jpg","The ritualistic chanting of the complete 1000 names of a supreme divine form. This practice is undertaken to seek abundant prosperity, sound health, and overall well-being.","[]","[]",,"[]","false","cmnr4npqg000nl0jz33byqu1w","cmnirhr0u002pl0g7qv0u188a",,"[{""name"":""Single"",""price"":6000,""maxPersons"":1,""description"":""For 1 person""},{""name"":""Couple"",""price"":6000,""maxPersons"":2,""description"":""For 2 people""}]","[]",,"2026-04-09 07:58:07.176","2026-04-10 05:35:07.001","true"
"cmnr6q4i0004ul0jzqsg9woam","Navchandi (with Priest)","","10000","","[]","","/uploads/poojas/image-1775718159501-442247507.jpg","A potent ritual performed by a learned priest to address and overcome severe energetic imbalances and obstacles in a devotee's life. This detailed ceremony seeks extensive divine grace and protection.","[]","[]",,"[]","false","cmnr4qsuu000pl0jzcz2mdhqs","cmnirhr0u002pl0g7qv0u188a",,"[{""name"":""Single"",""price"":10000,""maxPersons"":1,""description"":""For 1 person""},{""name"":""Couple"",""price"":10000,""maxPersons"":2,""description"":""For 2 people""}]","[]",,"2026-04-09 07:58:07.177","2026-04-10 05:35:07.003","true"
"cmnr6q4i1004wl0jzemafl6yr","Navchandi (Fund Only)","","10000","","[]","","/uploads/poojas/image-1775718420921-10984650.jpg","This service is for a devotee to sponsor or contribute funds towards a large-scale, communal Navchandi ritual. This is a virtuous act of supporting a powerful ceremony for overall peace and protection.","[]","[]",,"[]","false","cmnr4wekf000rl0jzzegriz5j","cmnirhr0u002pl0g7qv0u188a",,"[{""name"":""Single"",""price"":10000,""maxPersons"":1,""description"":""For 1 person""},{""name"":""Couple"",""price"":10000,""maxPersons"":2,""description"":""For 2 people""}]","[]",,"2026-04-09 07:58:07.178","2026-04-10 05:35:07.005","true"
"cmnr6q4i2004yl0jzoo5sbtod","Sahasra Chandi","","30000","","[]","","/uploads/poojas/image-1775719036890-20644362.jpg","","[]","[]",,"[]","false","cmnr59luq000tl0jzq43srkcx","cmnirhr0u002pl0g7qv0u188a",,"[{""name"":""Single"",""price"":30000,""maxPersons"":1,""description"":""For 1 person""},{""name"":""Couple"",""price"":30000,""maxPersons"":2,""description"":""For 2 people""}]","[]",,"2026-04-09 07:58:07.179","2026-04-10 05:35:07.007","true"
"cmnr6rp7h0050l0jz6u0qurof","Ashtottar Kumkum Archana","","500","","[]","","/uploads/poojas/image-1774602238280-488016933.jpg","","[]","[]",,"[]","false","cmnn6kllv00bxl0g7dk8c3c1v","cmnpy89iz00lml0g7w0zxcpk4",,"[{""name"":""Single"",""price"":500,""maxPersons"":1,""description"":""For 1 person""}]","[]",,"2026-04-09 07:59:20.669","2026-04-09 08:32:11.67","true"
"cmnr6rp7j0052l0jzli0viw6r","Prasad Offering","General","201","","[]","","/uploads/poojas/image-1775654886706-260789733.jpg","A standard service for devotees to offer a set amount of traditional food items or sweets as a sacred offering during a specific ritual time. This is a common way to seek blessings and show devotion.","[]","[]",,"[]","false","cmnq2qxps00lsl0g7tuigafjm","cmnpy89iz00lml0g7w0zxcpk4",,"[{""name"":""Single"",""price"":201,""description"":""For 1 person""},{""name"":""Couple"",""price"":201,""description"":""For 2 people""}]","[]",,"2026-04-09 07:59:20.671","2026-04-09 08:32:11.671","true"
"cmnr6rp7l0054l0jzlef802ui","Abhishek Pooja","Prosperity","201","","[]","","/uploads/poojas/image-1775713889899-624035657.jpg","A sacred ritual of bathing a consecrated idol or symbol with holy substances such as water, milk, honey, and yogurt while chanting relevant hymns. This is performed for purification and to invoke divine energy.","[]","[]",,"[]","false","cmnr27aes00nyl0g7l9z0e1om","cmnpy89iz00lml0g7w0zxcpk4",,"[{""name"":""Single"",""price"":201,""description"":""For 1 person""},{""name"":""Couple"",""price"":201,""description"":""For 2 people""}]","[]",,"2026-04-09 07:59:20.673","2026-04-09 08:32:11.672","true"
"cmnr6rp7m0056l0jz16r396y9","Ekadashi Pooja","","501","","[]","","/uploads/poojas/image-1775714374410-589355111.jpg","","[]","[]",,"[]","false","cmnr2ho9i00o0l0g7bmpcxt6r","cmnpy89iz00lml0g7w0zxcpk4",,"[{""name"":""Single"",""price"":501,""maxPersons"":1,""description"":""For 1 person""},{""name"":""Couple"",""price"":501,""maxPersons"":2,""description"":""For 2 people""}]","[]",,"2026-04-09 07:59:20.674","2026-04-09 08:32:11.673","true"
"cmnr6rp7o0058l0jzbkimjkg2","Ashtottar Kumkum Archana","","500","","[]","","/uploads/poojas/image-1775714611025-577404333.jpg","A ritual where kumkum (vermilion) is offered with the simultaneous chanting of 108 names. This is typically performed to invoke blessings for prosperity and overall well-being.","[]","[]",,"[]","false","cmnr2mqu100o2l0g7o22nhnfw","cmnpy89iz00lml0g7w0zxcpk4",,"[{""name"":""Single"",""price"":500,""maxPersons"":1,""description"":""For 1 person""},{""name"":""Couple"",""price"":500,""maxPersons"":2,""description"":""For 2 people""}]","[]",,"2026-04-09 07:59:20.676","2026-04-09 08:32:11.674","true"
"cmnr6rp7p005al0jzewxyjwhq","Shiv Kavach Recitation","Protection","500","","[]","","/uploads/poojas/image-1775714910200-266008288.jpg","A ritual involving the chanting of the Kavach (a protective shield of mantras) related to a specific aspect of the divine. The practice is aimed at seeking energetic protection and safeguarding one's well-being.","[]","[]",,"[]","false","cmnr2t5oh00o4l0g79ssxrpnl","cmnpy89iz00lml0g7w0zxcpk4",,"[{""name"":""Single"",""price"":500,""maxPersons"":1,""description"":""For 1 person""},{""name"":""Couple"",""price"":500,""maxPersons"":2,""description"":""For 2 people""}]","[]",,"2026-04-09 07:59:20.677","2026-04-09 08:32:11.675","true"
"cmnr6rp7r005cl0jzx2vtfaki","Brahmin Bhojan","","1500","","[]","","/uploads/poojas/image-1775715220620-591397673.jpg","A virtuous act of offering a complete meal with all due respect and traditional items to learned priests. This is a form of spiritual service, performed for charity and to earn blessings.","[]","[]",,"[]","false","cmnr2zt7900o7l0g73cys2njl","cmnpy89iz00lml0g7w0zxcpk4",,"[{""name"":""Single"",""price"":1500,""maxPersons"":1,""description"":""For 1 person""},{""name"":""Couple"",""price"":1500,""maxPersons"":2,""description"":""For 2 people""}]","[]",,"2026-04-09 07:59:20.679","2026-04-09 08:32:11.676","true"
"cmnr6rp7s005el0jz9cvk65tm","Sahasra Kumkum Archana","","800","","[]","","/uploads/poojas/image-1775715380041-512324847.jpg","An extended kumkum archana performed with the powerful chanting of 1000 distinct names of the divine. This intensive offering is made for significant prosperity and overall auspiciousness.","[]","[]",,"[]","false","cmnr3387m00o9l0g72jy092s0","cmnpy89iz00lml0g7w0zxcpk4",,"[{""name"":""Single"",""price"":800,""maxPersons"":1,""description"":""For 1 person""},{""name"":""Couple"",""price"":800,""maxPersons"":2,""description"":""For 2 people""}]","[]",,"2026-04-09 07:59:20.68","2026-04-09 08:32:11.677","true"
"cmnr6rp7t005gl0jz3okwe64q","Satyanarayan Pooja","","1000","","[]","","/uploads/poojas/image-1775715699954-442819881.jpg","A traditional ritual, often performed as a fund contribution, for the general blessing and peace of a family. It involves the reading of sacred stories that emphasize the value of truth and devotion.","[]","[]",,"[]","false","cmnr3a32200obl0g72k8999hi","cmnpy89iz00lml0g7w0zxcpk4",,"[{""name"":""Single"",""price"":1000,""maxPersons"":1,""description"":""For 1 person""},{""name"":""Couple"",""price"":1000,""maxPersons"":2,""description"":""For 2 people""}]","[]",,"2026-04-09 07:59:20.682","2026-04-09 08:32:11.678","true"
"cmnr6rp7v005il0jzxc4kw7eb","Mrityunjay Jap (1100 + Havan)","","1000","","[]","","/uploads/poojas/image-1775715835782-623439482.jpg","A short-form intensive chanting of the profound Mrityunjay mantra for an individual's health, vitality, and well-being. This powerful chanting is followed by a small, sacred fire ritual (havan).","[]","[]",,"[]","false","cmnr3czv000odl0g71hewx2nf","cmnpy89iz00lml0g7w0zxcpk4",,"[{""name"":""Single"",""price"":1000,""maxPersons"":1,""description"":""For 1 person""},{""name"":""Couple"",""price"":1000,""maxPersons"":2,""description"":""For 2 people""}]","[]",,"2026-04-09 07:59:20.683","2026-04-09 08:32:11.679","true"
"cmnr6rp7w005kl0jzcax5yfly","Mrityunjay Jap (1100 with Priest)","","1000","","[]","","/uploads/poojas/image-1775715972222-912129373.jpg","Chanting of the sacred Mrityunjay mantra performed exclusively by a qualified priest on behalf of the devotee. This service is dedicated to praying for good health and longevity.","[]","[]",,"[]","false","cmnr3fx530001l0jz1lnhmxdr","cmnpy89iz00lml0g7w0zxcpk4",,"[{""name"":""Single"",""price"":1000,""maxPersons"":1,""description"":""For 1 person""},{""name"":""Couple"",""price"":1000,""maxPersons"":2,""description"":""For 2 people""}]","[]",,"2026-04-09 07:59:20.684","2026-04-09 08:32:11.68","true"
"cmnr6rp7x005ml0jz1skylhk9","Navchandi (Havan)","","1000","","[]","","/uploads/poojas/image-1775716077282-268089118.jpg","A potent and protective fire ritual designed to seek divine intervention for overcoming significant obstacles or misfortunes (doshas). It involves specific invocations for comprehensive well-being.","[]","[]",,"[]","false","cmnr3i67d0003l0jzn03auzfa","cmnpy89iz00lml0g7w0zxcpk4",,"[{""name"":""Single"",""price"":1000,""maxPersons"":1,""description"":""For 1 person""},{""name"":""Couple"",""price"":1000,""maxPersons"":2,""description"":""For 2 people""}]","[]",,"2026-04-09 07:59:20.686","2026-04-09 08:32:11.681","true"
"cmnr6rp7z005ol0jzv682f0iy","Samuhik Poojan","","1000","","[]","","/uploads/poojas/image-1775716340147-549976722.jpg","A group prayer ceremony where multiple families or individuals gather to perform common rituals together. It is an act of communal worship, seeking combined blessings for the well-being of all participants.","[]","[]",,"[]","false","cmnr3nt1a0005l0jz5wtjfiqq","cmnpy89iz00lml0g7w0zxcpk4",,"[{""name"":""Single"",""price"":1000,""maxPersons"":1,""description"":""For 1 person""},{""name"":""Couple"",""price"":1001,""maxPersons"":2,""description"":""For 2 people""}]","[]",,"2026-04-09 07:59:20.687","2026-04-09 08:32:11.682","true"
"cmnr6rp81005ql0jzkpvyfhra","Naivedya Offering","","500","","[]","","/uploads/poojas/image-1775716406495-477960908.jpg","A traditional and beautifully presented food offering made to the divine. Devotees can sponsor this consecrated meal which is then ritually offered at the altar.","[]","[]",,"[]","false","cmnr3p8840007l0jzkzlmahfo","cmnpy89iz00lml0g7w0zxcpk4",,"[{""name"":""Single"",""price"":500,""maxPersons"":1,""description"":""For 1 person""},{""name"":""Couple"",""price"":500,""maxPersons"":2,""description"":""For 2 people""}]","[]",,"2026-04-09 07:59:20.689","2026-04-09 08:32:11.683","true"
"cmnr6rp83005sl0jz2hpibn0z","Graha Shanti","","1500","","[]","","/uploads/poojas/image-1775716525030-550520477.jpg","A vital ritual performed to mitigate the negative influences of planetary alignments (grahas) and bring peace and harmony. This comprehensive ceremony seeks energetic balance in one's life.","[]","[]",,"[]","false","cmnr3rros0009l0jzw6hrfnjr","cmnpy89iz00lml0g7w0zxcpk4",,"[{""name"":""Single"",""price"":1500,""maxPersons"":1,""description"":""For 1 person""},{""name"":""Couple"",""price"":1500,""maxPersons"":2,""description"":""For 2 people""}]","[]",,"2026-04-09 07:59:20.691","2026-04-09 08:32:11.685","true"
"cmnr6rp84005ul0jz4x2glski","Mrityunjay Jap (11000 + Havan)","","2000","","[]","","/uploads/poojas/image-1775716701371-456857384.jpg","An extended and highly potent repetition of the sacred Mrityunjay mantra, chanted 11000 times by priests. This significant spiritual endeavor, followed by a fire ritual, is for profound healing and protection.","[]","[]",,"[]","false","cmnr3vjr4000bl0jzphiudpv2","cmnpy89iz00lml0g7w0zxcpk4",,"[{""name"":""Single"",""price"":2000,""maxPersons"":1,""description"":""For 1 person""},{""name"":""Couple"",""price"":2000,""maxPersons"":2,""description"":""For 2 people""}]","[{""a"":"""",""q"":""""}]",,"2026-04-09 07:59:20.692","2026-04-09 08:32:11.686","true"
"cmnr6rp85005wl0jzzklqp867","Saptashati Path","","2500","","[]","","/uploads/poojas/image-1775716829652-18718360.jpg","The recitation of the complete Saptashati scripture, known for its powerful spiritual vibrations. This sacred chanting is performed to invoke divine protection and overcome adversities.","[]","[]",,"[]","false","cmnr3yaqh000dl0jz5kdx775n","cmnpy89iz00lml0g7w0zxcpk4",,"[{""name"":""Single"",""price"":2500,""maxPersons"":1,""description"":""For 1 person""},{""name"":""Couple"",""price"":2500,""maxPersons"":2,""description"":""For 2 people""}]","[]",,"2026-04-09 07:59:20.694","2026-04-09 08:32:11.687","true"
"cmnr6rp87005yl0jzfa9oazse","Saptashati Full Path ","","3000","","[]","","/uploads/poojas/image-1775716927084-30207570.jpg","The most complete and exhaustive form of the Saptashati scripture recitation. This meticulous chanting is a deep spiritual practice aimed at seeking highest divine protection.","[]","[]",,"[]","false","cmnr40dwu000fl0jzxm63i0nu","cmnpy89iz00lml0g7w0zxcpk4",,"[{""name"":""Single"",""price"":3000,""maxPersons"":1,""description"":""For 1 person""},{""name"":""Couple"",""price"":2999,""maxPersons"":2,""description"":""For 2 people""}]","[]",,"2026-04-09 07:59:20.695","2026-04-09 08:32:11.688","true"
"cmnr6rp890060l0jzldtm2l3m","Mrityunjay Jap (11000 with Priest)","","6000","","[]","","/uploads/poojas/image-1775717484826-286743795.jpg","The sacred Mrityunjay mantra chanted 11000 times by an experienced priest on behalf of the devotee. This is a comprehensive spiritual service dedicated to intense prayers for good health and longevity.","[]","[]",,"[]","false","cmnr4cc9r000hl0jzafwjfow1","cmnpy89iz00lml0g7w0zxcpk4",,"[{""name"":""Single"",""price"":6000,""maxPersons"":1,""description"":""For 1 person""},{""name"":""Couple"",""price"":6000,""maxPersons"":2,""description"":""For 2 people""}]","[]",,"2026-04-09 07:59:20.697","2026-04-09 08:32:11.689","true"
"cmnr6rp8b0062l0jza3ujc5tm","Maharudra Anushthan","","2000","","[]","","/uploads/poojas/image-1775717643450-407930988.jpg","An advanced and potent ritual of worship involving the powerful recitation of the standard eleven forms of a potent chant (Rudra). This deep spiritual practice is performed for comprehensive blessings and protection.","[]","[]",,"[]","false","cmnr4fqo5000jl0jznnkvopdu","cmnpy89iz00lml0g7w0zxcpk4",,"[{""name"":""Single"",""price"":2000,""maxPersons"":1,""description"":""For 1 person""},{""name"":""Couple"",""price"":2000,""maxPersons"":2,""description"":""For 2 people""}]","[]",,"2026-04-09 07:59:20.699","2026-04-09 08:32:11.69","true"
"cmnr6rp8c0064l0jzwb53lv3h","Laghu Rudra","","6000","","[]","","/uploads/poojas/image-1775717831910-92755343.jpg","A focused and effective ritual involving the traditional repetition of the potent Rudra chant. This is an authentic and essential form of worship for spiritual growth and inner peace.","[]","[]",,"[]","false","cmnr4js2z000ll0jz41yqkvtk","cmnpy89iz00lml0g7w0zxcpk4",,"[{""name"":""Single"",""price"":6000,""maxPersons"":1,""description"":""For 1 person""},{""name"":""Couple"",""price"":5999,""maxPersons"":2,""description"":""For 2 people""}]","[]",,"2026-04-09 07:59:20.701","2026-04-09 08:32:11.691","true"
"cmnr6rp8e0066l0jzo6ppgk0g","Vishnu Sahasranama","","6000","","[]","","/uploads/poojas/image-1775718015487-622274742.jpg","The ritualistic chanting of the complete 1000 names of a supreme divine form. This practice is undertaken to seek abundant prosperity, sound health, and overall well-being.","[]","[]",,"[]","false","cmnr4npqg000nl0jz33byqu1w","cmnpy89iz00lml0g7w0zxcpk4",,"[{""name"":""Single"",""price"":6000,""maxPersons"":1,""description"":""For 1 person""},{""name"":""Couple"",""price"":6000,""maxPersons"":2,""description"":""For 2 people""}]","[]",,"2026-04-09 07:59:20.703","2026-04-09 08:32:11.692","true"
"cmnr6rp8g0068l0jz3cytbtxg","Navchandi (with Priest)","","10000","","[]","","/uploads/poojas/image-1775718159501-442247507.jpg","A potent ritual performed by a learned priest to address and overcome severe energetic imbalances and obstacles in a devotee's life. This detailed ceremony seeks extensive divine grace and protection.","[]","[]",,"[]","false","cmnr4qsuu000pl0jzcz2mdhqs","cmnpy89iz00lml0g7w0zxcpk4",,"[{""name"":""Single"",""price"":10000,""maxPersons"":1,""description"":""For 1 person""},{""name"":""Couple"",""price"":10000,""maxPersons"":2,""description"":""For 2 people""}]","[]",,"2026-04-09 07:59:20.704","2026-04-09 08:32:11.693","true"
"cmnr6rp8i006al0jzdedd4xqw","Navchandi (Fund Only)","","10000","","[]","","/uploads/poojas/image-1775718420921-10984650.jpg","This service is for a devotee to sponsor or contribute funds towards a large-scale, communal Navchandi ritual. This is a virtuous act of supporting a powerful ceremony for overall peace and protection.","[]","[]",,"[]","false","cmnr4wekf000rl0jzzegriz5j","cmnpy89iz00lml0g7w0zxcpk4",,"[{""name"":""Single"",""price"":10000,""maxPersons"":1,""description"":""For 1 person""},{""name"":""Couple"",""price"":10000,""maxPersons"":2,""description"":""For 2 people""}]","[]",,"2026-04-09 07:59:20.706","2026-04-09 08:32:11.694","true"
"cmnr6rp8j006cl0jzp5fp2fs5","Sahasra Chandi","","30000","","[]","","/uploads/poojas/image-1775719036890-20644362.jpg","","[]","[]",,"[]","false","cmnr59luq000tl0jzq43srkcx","cmnpy89iz00lml0g7w0zxcpk4",,"[{""name"":""Single"",""price"":30000,""maxPersons"":1,""description"":""For 1 person""},{""name"":""Couple"",""price"":30000,""maxPersons"":2,""description"":""For 2 people""}]","[]",,"2026-04-09 07:59:20.707","2026-04-09 08:32:11.695","true"
"cmnrchfcl008dl0jzi1ey21mx","Abhishek ","Ritualistic","251","","[]","","/uploads/poojas/image-1775124432221-880087061.jpg","The Abhishek Pooja at Ganpatipule Temple is a sacred ritual where devotees pour water, milk, or sacred liquids over the idol of Lord Ganesha. This act symbolizes purification, devotion, and surrender to the divine. The pooja is performed with chants and offerings, creating a spiritually uplifting experience for devotees seeking blessings, wisdom, and prosperity.","[""Enhances spiritual growth and devotion"",""Strengthens mental clarity and focus"",""Removes obstacles and difficulties"",""Enhances spiritual growth and devotion""]","[]",,"[]","false","cmnpr092400kll0g7bf7hxcgv","cmnrccczp008bl0jzjehwxxrg",,"[{""name"":""Single"",""price"":251,""maxPersons"":1,""description"":""For 1 person""}]","[]",,"2026-04-09 10:39:19.029","2026-04-09 10:39:19.029","true"